url,metadata_reference
http://kxt8244z.demox.site/,https://raw.githubusercontent.com/openphish/public_feed/refs/heads/main/feed.txt
https://sp1ct10-dorval-biz-zulzo-pelri.pages.dev/,https://raw.githubusercontent.com/openphish/public_feed/refs/heads/main/feed.txt
https://voicemail.tsisd.ca/index.html,https://raw.githubusercontent.com/openphish/public_feed/refs/heads/main/feed.txt
https://diskcacambasdetroit.com.br/auth/rackespace/,https://raw.githubusercontent.com/openphish/public_feed/refs/heads/main/feed.txt
https://b592af96.click.kit-mail3.com/lmup7gdw6khmhn9nv4wu6h8wko4wkugh4ozgo/qvh8h7hdpek6edbl/aHR0cHM6Ly9kaXNrY2FjYW1iYXNkZXRyb2l0LmNvbS5ici9hdXRoL3JhY2tlc3BhY2U=/,https://raw.githubusercontent.com/openphish/public_feed/refs/heads/main/feed.txt
http://therealbackporch.com/a/pages/login.php,https://raw.githubusercontent.com/openphish/public_feed/refs/heads/main/feed.txt
http://pzhxr7fvyc.hdply.com/,https://raw.githubusercontent.com/openphish/public_feed/refs/heads/main/feed.txt
https://www.violationverificationgroup186.vercel.app/,https://raw.githubusercontent.com/openphish/public_feed/refs/heads/main/feed.txt
http://www-deliverthewin-wpe-stage.usps.mrm-client.com/,https://raw.githubusercontent.com/openphish/public_feed/refs/heads/main/feed.txt
http://www.fllicensehealthpdf-viewer.vercel.app/,https://raw.githubusercontent.com/openphish/public_feed/refs/heads/main/feed.txt
http://www.gang-1.vercel.app/,https://raw.githubusercontent.com/openphish/public_feed/refs/heads/main/feed.txt
http://gang-1.vercel.app/,https://raw.githubusercontent.com/openphish/public_feed/refs/heads/main/feed.txt
http://start-io-trzre.typedream.app/,https://raw.githubusercontent.com/openphish/public_feed/refs/heads/main/feed.txt
http://roblox-4kx.pages.dev/,https://raw.githubusercontent.com/openphish/public_feed/refs/heads/main/feed.txt
http://fllicensehealthpdf-viewer.vercel.app/,https://raw.githubusercontent.com/openphish/public_feed/refs/heads/main/feed.txt
https://whatsapp.acceso.me/,https://raw.githubusercontent.com/openphish/public_feed/refs/heads/main/feed.txt
https://www.roblox.com.bi/games/121165298854655/DONT-LET-HIM-IN-NEW-MAP?privateServerLinkCode=65227985513451888732300630201761,https://raw.githubusercontent.com/openphish/public_feed/refs/heads/main/feed.txt
https://g5.lu/favkx,https://raw.githubusercontent.com/openphish/public_feed/refs/heads/main/feed.txt
https://zufefutiw.webhop.me/ococi/,https://raw.githubusercontent.com/openphish/public_feed/refs/heads/main/feed.txt
https://hulobag.servehalflife.com/awigot/,https://raw.githubusercontent.com/openphish/public_feed/refs/heads/main/feed.txt
https://nadaku.onthewifi.com/movegu/,https://raw.githubusercontent.com/openphish/public_feed/refs/heads/main/feed.txt
https://ravniko-zul594207.vercel.app/index1.html,https://raw.githubusercontent.com/openphish/public_feed/refs/heads/main/feed.txt
https://ravniko-zul594207.vercel.app/,https://raw.githubusercontent.com/openphish/public_feed/refs/heads/main/feed.txt
https://kv-cont-blared.pages.dev/help/contact/317928204491396%2525252525252525252CN/A%2525252525252525252Chttps%2525252525252525253A/openphis/,https://raw.githubusercontent.com/openphish/public_feed/refs/heads/main/feed.txt
https://nihalaneesh.github.io/amazon-homepage-clone/,https://raw.githubusercontent.com/openphish/public_feed/refs/heads/main/feed.txt
https://lnk.ink/jt1ff,https://raw.githubusercontent.com/openphish/public_feed/refs/heads/main/feed.txt
https://adobeinstaller-virid.vercel.app/,https://raw.githubusercontent.com/openphish/public_feed/refs/heads/main/feed.txt
https://signin-adobe-x4ou12j0f7c-3d031dfa-9ygwqx748489-4a60f031a-b62a.vercel.app/,https://raw.githubusercontent.com/openphish/public_feed/refs/heads/main/feed.txt
https://kebemus.serveirc.com/wodaje/,https://raw.githubusercontent.com/openphish/public_feed/refs/heads/main/feed.txt
https://security-check-secure.cfd/,https://raw.githubusercontent.com/openphish/public_feed/refs/heads/main/feed.txt
https://online-portal-bzst.cfd/,https://raw.githubusercontent.com/openphish/public_feed/refs/heads/main/feed.txt
https://theguesstimate.com/camcam,https://raw.githubusercontent.com/openphish/public_feed/refs/heads/main/feed.txt
https://hp9316.craftum.io/,https://raw.githubusercontent.com/openphish/public_feed/refs/heads/main/feed.txt
https://121jio.senes.at/stakings?b=YTo0OntzOjU6ImxhYmVsIjtzOjE6IjkiO3M6MzoidXNyIjtpOjE1NjtzOjQ6Im5vcGQiO3M6MTU6InJzczMucmVhZGxlcy5hdCI7czoxOiJvIjtpOjExMzY7fQ==,https://raw.githubusercontent.com/openphish/public_feed/refs/heads/main/feed.txt
https://spotify.assetdeploy.com/,https://raw.githubusercontent.com/openphish/public_feed/refs/heads/main/feed.txt
http://treursuite.square.site/,https://raw.githubusercontent.com/openphish/public_feed/refs/heads/main/feed.txt
https://hizecida.zapto.org/heton/,https://raw.githubusercontent.com/openphish/public_feed/refs/heads/main/feed.txt
https://udorofuse.zapto.org/mufo/,https://raw.githubusercontent.com/openphish/public_feed/refs/heads/main/feed.txt
https://palet.com.ua/de/app/login.php,https://raw.githubusercontent.com/openphish/public_feed/refs/heads/main/feed.txt
https://palet.com.ua/de/app,https://raw.githubusercontent.com/openphish/public_feed/refs/heads/main/feed.txt
https://cuhatar.webhop.me/dike/,https://raw.githubusercontent.com/openphish/public_feed/refs/heads/main/feed.txt
https://tevofo.redirectme.net/supime/,https://raw.githubusercontent.com/openphish/public_feed/refs/heads/main/feed.txt
https://not-enought-feeding-animals.vercel.app/,https://raw.githubusercontent.com/openphish/public_feed/refs/heads/main/feed.txt
http://roblox.com.bn/communities/577644623018/One-Time-YT,https://raw.githubusercontent.com/openphish/public_feed/refs/heads/main/feed.txt
https://that.is.maleare.121z3.ralind.at/trs/,https://raw.githubusercontent.com/openphish/public_feed/refs/heads/main/feed.txt
https://thatismaleare.121z3.ralind.at/trs/,https://raw.githubusercontent.com/openphish/public_feed/refs/heads/main/feed.txt
https://thatismaleare121z3.ralind.at/trs/,https://raw.githubusercontent.com/openphish/public_feed/refs/heads/main/feed.txt
http://perfumenapromo.lovable.app/,https://raw.githubusercontent.com/openphish/public_feed/refs/heads/main/feed.txt
http://mercadopaneladrepressao.lovable.app/,https://raw.githubusercontent.com/openphish/public_feed/refs/heads/main/feed.txt
https://faecbook.vn/sakuarastudio-tuyen-dung-chuyen-nghiep-79?d8,https://raw.githubusercontent.com/openphish/public_feed/refs/heads/main/feed.txt
https://www-deliverthewin-wpe-stage.usps.mrm-client.com/research-center/political-planning-tool/#/question/1,https://raw.githubusercontent.com/openphish/public_feed/refs/heads/main/feed.txt
https://34abx.anixas.at:443/newtransfer,https://raw.githubusercontent.com/openphish/public_feed/refs/heads/main/feed.txt
https://rss2.sayler.at/go/y2C4Y254/z264X254,https://raw.githubusercontent.com/openphish/public_feed/refs/heads/main/feed.txt
https://www.roblox.com.gr/games/8737602449/PLS-DONATE-?privateServerLinkCode=60869683094735370675006673192210,https://raw.githubusercontent.com/openphish/public_feed/refs/heads/main/feed.txt
https://915893.xyz/,https://raw.githubusercontent.com/openphish/public_feed/refs/heads/main/feed.txt
https://890091.xyz/,https://raw.githubusercontent.com/openphish/public_feed/refs/heads/main/feed.txt
https://meine-app.login-utilizator.de/portal/openlogin/,https://raw.githubusercontent.com/openphish/public_feed/refs/heads/main/feed.txt
https://nbddut-i6esa064.vercel.app/landing.html,https://raw.githubusercontent.com/openphish/public_feed/refs/heads/main/feed.txt
http://faecbook.vn/khoa-hoc-nen-tang-hoa-12?a&l,https://raw.githubusercontent.com/openphish/public_feed/refs/heads/main/feed.txt
https://val1dar3656.freepage.cc/,https://raw.githubusercontent.com/openphish/public_feed/refs/heads/main/feed.txt
https://binance-account-login.vercel.app/,https://raw.githubusercontent.com/openphish/public_feed/refs/heads/main/feed.txt
https://suntrust-onlinebanking.blogspot.com/,https://raw.githubusercontent.com/openphish/public_feed/refs/heads/main/feed.txt
https://www.roblox.com.mu/communities/7720581830/Blade-Ball-Community-Support,https://raw.githubusercontent.com/openphish/public_feed/refs/heads/main/feed.txt
https://schooltec.net/tcgm/,https://raw.githubusercontent.com/openphish/public_feed/refs/heads/main/feed.txt
https://mietenhambugrform.my/form/e7af8a24-d47e-4a10-800b-bd3a17d95bc0,https://raw.githubusercontent.com/openphish/public_feed/refs/heads/main/feed.txt
http://being-trezr-io.framer.ai/,https://raw.githubusercontent.com/openphish/public_feed/refs/heads/main/feed.txt
http://app-trezre-io-en.framer.ai/,https://raw.githubusercontent.com/openphish/public_feed/refs/heads/main/feed.txt
https://g5.lu/m8c7v,https://raw.githubusercontent.com/openphish/public_feed/refs/heads/main/feed.txt
https://www.roblox.com.bn/communities/713566933616/OXOXNS-YT#!/about,https://raw.githubusercontent.com/openphish/public_feed/refs/heads/main/feed.txt
https://exoduswalletcc.pages.dev/%22%3EExodus,https://raw.githubusercontent.com/openphish/public_feed/refs/heads/main/feed.txt
http://upholdapp.wasmer.app/,https://raw.githubusercontent.com/openphish/public_feed/refs/heads/main/feed.txt
https://hanrahans.com/web/login.php?911ad&section=signinpage&ip=90b6d23d491ec570b9b691d7d4764d76&cookiecheck=yes&em=&device=AcceptComputer&destination=signin,https://raw.githubusercontent.com/openphish/public_feed/refs/heads/main/feed.txt
https://hanrahans.com/web?911ad,https://raw.githubusercontent.com/openphish/public_feed/refs/heads/main/feed.txt
https://advitgoel.github.io/netflix-clone,https://raw.githubusercontent.com/openphish/public_feed/refs/heads/main/feed.txt
https://www.r.oblox.com.et/users/5467244032/profile%5C,https://raw.githubusercontent.com/openphish/public_feed/refs/heads/main/feed.txt
https://roblnhoodverifychanges.duckdns.org/c3a6e85b8053a2436a1ba835063a063aef8cb57a/signin,https://raw.githubusercontent.com/openphish/public_feed/refs/heads/main/feed.txt
https://roblnhoodverifychanges.duckdns.org/9ebd7595c9dbd552cfb58875d81c96e131a00776/signin,https://raw.githubusercontent.com/openphish/public_feed/refs/heads/main/feed.txt
https://roblox.com.bi/games/127775478639865/upd2-machine-party?game_id=127775478639865&game_name=upd2-machine-party&privateserverlinkcode=93675272480267701055445615338672,https://raw.githubusercontent.com/openphish/public_feed/refs/heads/main/feed.txt
https://lnk.ink/robloxcom-users-421557740630-profile,https://raw.githubusercontent.com/openphish/public_feed/refs/heads/main/feed.txt
http://trezr-bridgee-sso.wasmer.app/,https://raw.githubusercontent.com/openphish/public_feed/refs/heads/main/feed.txt
http://strts-ledgr.pages.dev/,https://raw.githubusercontent.com/openphish/public_feed/refs/heads/main/feed.txt
http://magazadamaga.com/magaoff/produto,https://raw.githubusercontent.com/openphish/public_feed/refs/heads/main/feed.txt
https://clementspools.github.io/page,https://raw.githubusercontent.com/openphish/public_feed/refs/heads/main/feed.txt
https://mihaeldidu20-debug.github.io/net-with-tailwind.css-and-html/,https://raw.githubusercontent.com/openphish/public_feed/refs/heads/main/feed.txt
https://mihaeldidu20-debug.github.io/net-with-tailwind.css-and-html,https://raw.githubusercontent.com/openphish/public_feed/refs/heads/main/feed.txt
http://roblox.com.kz/users/1713082251/profile%23creations,https://raw.githubusercontent.com/openphish/public_feed/refs/heads/main/feed.txt
https://www.roblox.et/users/9153595208/profile,https://raw.githubusercontent.com/openphish/public_feed/refs/heads/main/feed.txt
http://maintenance-portal.com/,https://raw.githubusercontent.com/openphish/public_feed/refs/heads/main/feed.txt
https://s3.us-east-1.amazonaws.com/steve.griffing.usna/dropbox+(6).html,https://raw.githubusercontent.com/openphish/public_feed/refs/heads/main/feed.txt
https://parth5466.github.io/My-Phish-Site,https://raw.githubusercontent.com/openphish/public_feed/refs/heads/main/feed.txt
https://access-ledgr-desktop.pages.dev/favicon.ico,https://raw.githubusercontent.com/openphish/public_feed/refs/heads/main/feed.txt
http://www.kraken-job.com/,https://raw.githubusercontent.com/openphish/public_feed/refs/heads/main/feed.txt
https://rbcode.net/v/1db576be7b231c830c8c02d313f9f2fc,https://raw.githubusercontent.com/openphish/public_feed/refs/heads/main/feed.txt
https://pt-shopee347.blogspot.com/,https://raw.githubusercontent.com/openphish/public_feed/refs/heads/main/feed.txt
https://s.team-he.com/lp/sst-cgj/svbzuzsr/,https://raw.githubusercontent.com/openphish/public_feed/refs/heads/main/feed.txt
https://cn.memxzf.com/home/register?code=54263/,https://raw.githubusercontent.com/openphish/public_feed/refs/heads/main/feed.txt
https://warayana.com.pe/publicaciones/2023/10/25/de-la-pelicula-a-la-realidad-francotirador-y-el-trastorno-de-estres-postraumatico,https://raw.githubusercontent.com/openphish/public_feed/refs/heads/main/feed.txt
https://form.jotform.com/262591344749366,https://raw.githubusercontent.com/openphish/public_feed/refs/heads/main/feed.txt
http://www.4aoep89w.sanpinjia.com/,https://raw.githubusercontent.com/openphish/public_feed/refs/heads/main/feed.txt
http://www.spotify-clone-eta-nine.vercel.app/,https://raw.githubusercontent.com/openphish/public_feed/refs/heads/main/feed.txt
http://3g.5.ztbdkj.com/,https://raw.githubusercontent.com/openphish/public_feed/refs/heads/main/feed.txt
https://scorpiosbodrum.spahotel.guru/,https://raw.githubusercontent.com/openphish/public_feed/refs/heads/main/feed.txt
http://scorpios.spahotel.guru/,https://raw.githubusercontent.com/openphish/public_feed/refs/heads/main/feed.txt
https://grparklara.spahotel.guru/,https://raw.githubusercontent.com/openphish/public_feed/refs/heads/main/feed.txt
http://grandparklara.spahotel.guru/,https://raw.githubusercontent.com/openphish/public_feed/refs/heads/main/feed.txt
https://rbcode.net/v/46521b55a16b4c0d28700abd70d2db2a,https://raw.githubusercontent.com/openphish/public_feed/refs/heads/main/feed.txt
https://www.amazonjobvip.com/,https://raw.githubusercontent.com/openphish/public_feed/refs/heads/main/feed.txt
http://www.onedrive-4-nine.vercel.app/,https://raw.githubusercontent.com/openphish/public_feed/refs/heads/main/feed.txt
http://sp1ct10-berrek-biz-zalzo-vemti.pages.dev/,https://raw.githubusercontent.com/openphish/public_feed/refs/heads/main/feed.txt
https://secure--blockfi--cdn--auth.webflow.io/,https://raw.githubusercontent.com/openphish/public_feed/refs/heads/main/feed.txt
https://belgravess.spahotel.guru/,https://raw.githubusercontent.com/openphish/public_feed/refs/heads/main/feed.txt
http://belgravesands.spahotel.guru/,https://raw.githubusercontent.com/openphish/public_feed/refs/heads/main/feed.txt
https://dawsondubl.spahotel.guru/,https://raw.githubusercontent.com/openphish/public_feed/refs/heads/main/feed.txt
http://dawsondublin.spahotel.guru/,https://raw.githubusercontent.com/openphish/public_feed/refs/heads/main/feed.txt
http://facebocks.com.vn/bo-cau-hoi-soan-moi-bam-sat?a&l,https://raw.githubusercontent.com/openphish/public_feed/refs/heads/main/feed.txt
http://rhub.in/fezmd,https://raw.githubusercontent.com/openphish/public_feed/refs/heads/main/feed.txt
https://ur-exods.pages.dev/%5DExodus/%5BOfficial%20Exodus%20Privacy%20Policy%20Link%2010%5D,https://raw.githubusercontent.com/openphish/public_feed/refs/heads/main/feed.txt
https://ur-exods.pages.dev/%5DExodus/%5BOfficial%20Exodus%20Assets%20Link%209%5D,https://raw.githubusercontent.com/openphish/public_feed/refs/heads/main/feed.txt
https://ur-exods.pages.dev/%5DExodus/%5BOfficial%20Exodus%20Download%20Link%203%5D,https://raw.githubusercontent.com/openphish/public_feed/refs/heads/main/feed.txt
https://pey-ahx.pages.dev/,https://raw.githubusercontent.com/openphish/public_feed/refs/heads/main/feed.txt
https://ur-exods.pages.dev/%5DExodus/%5BOfficial%20Exodus%20Mobile%20App%20Link%208%5D,https://raw.githubusercontent.com/openphish/public_feed/refs/heads/main/feed.txt
https://gmn4b1d.github.io/No/,https://raw.githubusercontent.com/openphish/public_feed/refs/heads/main/feed.txt
https://ur-exods.pages.dev/%5DExodus/%5BOfficial%20Exodus%20Trezor%20Guide%20Link%206%5D,https://raw.githubusercontent.com/openphish/public_feed/refs/heads/main/feed.txt
https://ur-exods.pages.dev/%5DExodus/%5BOfficial%20Exodus%20Support%20Link%202%5D,https://raw.githubusercontent.com/openphish/public_feed/refs/heads/main/feed.txt
https://ur-exods.pages.dev/%5DExodus/%5BOfficial%20Exodus%20FAQ%20Link%204%5D,https://raw.githubusercontent.com/openphish/public_feed/refs/heads/main/feed.txt
https://ur-exods.pages.dev/%5DExodus/%5BOfficial%20Exodus%20Customer%20Support%20Link%2012%5D,https://raw.githubusercontent.com/openphish/public_feed/refs/heads/main/feed.txt
https://ur-exods.pages.dev/%5DExodus/%5BOfficial%20Exodus%20Wallet%20Setup%20Link%207%5D,https://raw.githubusercontent.com/openphish/public_feed/refs/heads/main/feed.txt
https://ur-exods.pages.dev/%5DExodus/%5BOfficial%20Exodus%20Security%20Link%201%5D,https://raw.githubusercontent.com/openphish/public_feed/refs/heads/main/feed.txt
http://www.acl.saintjohnmedicals.com/,https://raw.githubusercontent.com/openphish/public_feed/refs/heads/main/feed.txt
https://abhishek3012-ab.github.io/netflix-landing-page/,https://raw.githubusercontent.com/openphish/public_feed/refs/heads/main/feed.txt
https://www.codedetrichelattaquedeszombieroblox.blogspot.com/,https://raw.githubusercontent.com/openphish/public_feed/refs/heads/main/feed.txt
https://violationverificationgroup186.vercel.app/careers.html,https://raw.githubusercontent.com/openphish/public_feed/refs/heads/main/feed.txt
https://violationverificationgroup186.vercel.app/,https://raw.githubusercontent.com/openphish/public_feed/refs/heads/main/feed.txt
https://violationverificationgroup186.vercel.app/required.html,https://raw.githubusercontent.com/openphish/public_feed/refs/heads/main/feed.txt
https://tepojeniw.serveblog.net/ecube/,https://raw.githubusercontent.com/openphish/public_feed/refs/heads/main/feed.txt
https://unecited.redirectme.net/togip/,https://raw.githubusercontent.com/openphish/public_feed/refs/heads/main/feed.txt
https://free1.givefreegifteos.vip/eos,https://raw.githubusercontent.com/openphish/public_feed/refs/heads/main/feed.txt
https://ijewineli.servepics.com/oboha/,https://raw.githubusercontent.com/openphish/public_feed/refs/heads/main/feed.txt
https://naridojew.3utilities.com/wijofu/,https://raw.githubusercontent.com/openphish/public_feed/refs/heads/main/feed.txt
https://zasehajote.myftp.org/bozo/,https://raw.githubusercontent.com/openphish/public_feed/refs/heads/main/feed.txt
https://hagivi.serveftp.com/zavo/,https://raw.githubusercontent.com/openphish/public_feed/refs/heads/main/feed.txt
https://jilijumuj.servebeer.com/udofod/,https://raw.githubusercontent.com/openphish/public_feed/refs/heads/main/feed.txt
https://makopom.webhop.me/adigiw/,https://raw.githubusercontent.com/openphish/public_feed/refs/heads/main/feed.txt
https://ocajokalu.myvnc.com/pizozo/,https://raw.githubusercontent.com/openphish/public_feed/refs/heads/main/feed.txt
https://kubanehus.hopto.org/riwo/,https://raw.githubusercontent.com/openphish/public_feed/refs/heads/main/feed.txt
https://kuvofu.ddns.net/rekewo/,https://raw.githubusercontent.com/openphish/public_feed/refs/heads/main/feed.txt
https://alubuti.hopto.org/tovuce/,https://raw.githubusercontent.com/openphish/public_feed/refs/heads/main/feed.txt
https://donido.servemp3.com/wurov/,https://raw.githubusercontent.com/openphish/public_feed/refs/heads/main/feed.txt
https://rbcode.net/v/a4d1a70be4ba8d9055b39b0002ff9652,https://raw.githubusercontent.com/openphish/public_feed/refs/heads/main/feed.txt
https://zicoroc.ddnsking.com/amekaj/,https://raw.githubusercontent.com/openphish/public_feed/refs/heads/main/feed.txt
https://cabacubuji.ddnsking.com/ubek/,https://raw.githubusercontent.com/openphish/public_feed/refs/heads/main/feed.txt
https://fisimup.hopto.org/huzu/,https://raw.githubusercontent.com/openphish/public_feed/refs/heads/main/feed.txt
http://suporte30horas.com/,https://raw.githubusercontent.com/openphish/public_feed/refs/heads/main/feed.txt
http://magaz-ine-lu-iza.com/,https://raw.githubusercontent.com/openphish/public_feed/refs/heads/main/feed.txt
https://roblox.rw/login,https://raw.githubusercontent.com/openphish/public_feed/refs/heads/main/feed.txt
https://www.ofertadodiamaga-copia-09.vercel.app/,https://raw.githubusercontent.com/openphish/public_feed/refs/heads/main/feed.txt
http://sso-trezor-io-start-cdn.typedream.app/,https://raw.githubusercontent.com/openphish/public_feed/refs/heads/main/feed.txt
http://www.ofertadodiamaga-copia-06.vercel.app/,https://raw.githubusercontent.com/openphish/public_feed/refs/heads/main/feed.txt
https://www.giveaway.vercel.app/,https://raw.githubusercontent.com/openphish/public_feed/refs/heads/main/feed.txt
https://onedrive-4-nine.vercel.app/,https://raw.githubusercontent.com/openphish/public_feed/refs/heads/main/feed.txt
https://www.roblox.com.mu/users/2590039829/profile,https://raw.githubusercontent.com/openphish/public_feed/refs/heads/main/feed.txt
https://s4w.in/PjnnK,https://raw.githubusercontent.com/openphish/public_feed/refs/heads/main/feed.txt
http://ensuite-trexor.square.site/,https://raw.githubusercontent.com/openphish/public_feed/refs/heads/main/feed.txt
http://www.orgzaz.online/front/,https://raw.githubusercontent.com/openphish/public_feed/refs/heads/main/feed.txt
http://www.121z3.ralind.at/trs/,https://raw.githubusercontent.com/openphish/public_feed/refs/heads/main/feed.txt
https://currency.666coin.top/#/register?invite_code=888999,https://raw.githubusercontent.com/openphish/public_feed/refs/heads/main/feed.txt
https://metlmnnsk-loggn.gitbook.io/,https://raw.githubusercontent.com/openphish/public_feed/refs/heads/main/feed.txt
http://z3.ralind.at/trs/,https://raw.githubusercontent.com/openphish/public_feed/refs/heads/main/feed.txt
http://0121z3.ralind.at/trs/,https://raw.githubusercontent.com/openphish/public_feed/refs/heads/main/feed.txt
https://cupomexclusiivoo-app.com/produto/5888854,https://raw.githubusercontent.com/openphish/public_feed/refs/heads/main/feed.txt
http://tregurioes--cdn-sso.framer.media/,https://raw.githubusercontent.com/openphish/public_feed/refs/heads/main/feed.txt
http://trezorrsuites.framer.media/,https://raw.githubusercontent.com/openphish/public_feed/refs/heads/main/feed.txt
https://www.nnfpc.com/,https://raw.githubusercontent.com/openphish/public_feed/refs/heads/main/feed.txt
https://mfacebook.com.vn/xac-minh-file?64,https://raw.githubusercontent.com/openphish/public_feed/refs/heads/main/feed.txt
https://infosbluewinmail.jimdofree.com/,https://raw.githubusercontent.com/openphish/public_feed/refs/heads/main/feed.txt
https://kunalshinde2008.github.io/Amazon_Clone/,https://raw.githubusercontent.com/openphish/public_feed/refs/heads/main/feed.txt
https://google-proxy.xiexueyan.workers.dev/setting/search/privateresults?hl=en&authuser=0,https://raw.githubusercontent.com/openphish/public_feed/refs/heads/main/feed.txt
http://www.information-trezor-bridge.godaddysites.com/,https://raw.githubusercontent.com/openphish/public_feed/refs/heads/main/feed.txt
http://www.erc-trust-wallet.vercel.app/,https://raw.githubusercontent.com/openphish/public_feed/refs/heads/main/feed.txt
http://www.browardcountypdf-viewer.vercel.app/,https://raw.githubusercontent.com/openphish/public_feed/refs/heads/main/feed.txt
https://www.roblox.com.mu/users/6888035352/profile,https://raw.githubusercontent.com/openphish/public_feed/refs/heads/main/feed.txt
https://www.browardpdf-viewer.vercel.app/,https://raw.githubusercontent.com/openphish/public_feed/refs/heads/main/feed.txt
http://www.cliq0.com/xminzawner01/,https://raw.githubusercontent.com/openphish/public_feed/refs/heads/main/feed.txt
http://erc-trust-wallet.vercel.app/,https://raw.githubusercontent.com/openphish/public_feed/refs/heads/main/feed.txt
https://site888-d4gfdcdhfbh5gqh3central.com/,https://raw.githubusercontent.com/openphish/public_feed/refs/heads/main/feed.txt
https://systemmaxavlfile.s3.us-east-2.amazonaws.com/systemmaxavl.html,https://raw.githubusercontent.com/openphish/public_feed/refs/heads/main/feed.txt
https://ajcustomhomes.au/wp-links.html,https://raw.githubusercontent.com/openphish/public_feed/refs/heads/main/feed.txt
https://notifyhubss.net/0191f6e8cebf734f8869c17fceebe2aab882.html/,https://raw.githubusercontent.com/openphish/public_feed/refs/heads/main/feed.txt
https://notifyhubss.net/02dd43b21eadcc4e37689abc137b10a79a6c.html/,https://raw.githubusercontent.com/openphish/public_feed/refs/heads/main/feed.txt
http://3aze-kwapb9-l1b-nyddn-snu.pages.dev/,https://raw.githubusercontent.com/openphish/public_feed/refs/heads/main/feed.txt
https://acl.saintjohnmedicals.com/,https://raw.githubusercontent.com/openphish/public_feed/refs/heads/main/feed.txt
http://aw0go-dhw-knso-i716i-24-09-2026-aa.pages.dev/,https://raw.githubusercontent.com/openphish/public_feed/refs/heads/main/feed.txt
https://mehdi67t.github.io/KARWA,https://raw.githubusercontent.com/openphish/public_feed/refs/heads/main/feed.txt
https://trezorio-xearn.gitbook.io/,https://raw.githubusercontent.com/openphish/public_feed/refs/heads/main/feed.txt
https://f003.backblazeb2.com/file/tiackz/index.html,https://raw.githubusercontent.com/openphish/public_feed/refs/heads/main/feed.txt
http://uf1k29.s.gy/NYl7df/,https://raw.githubusercontent.com/openphish/public_feed/refs/heads/main/feed.txt
https://magadodia.site/produto/8677728,https://raw.githubusercontent.com/openphish/public_feed/refs/heads/main/feed.txt
http://web-iostrt-trezr-cloud.framer.ai/,https://raw.githubusercontent.com/openphish/public_feed/refs/heads/main/feed.txt
https://ofertadodiamaga-copia-06.vercel.app/,https://raw.githubusercontent.com/openphish/public_feed/refs/heads/main/feed.txt
https://ofertadodiamaga-copia-09.vercel.app/,https://raw.githubusercontent.com/openphish/public_feed/refs/heads/main/feed.txt
http://treazur-suit.pages.dev/,https://raw.githubusercontent.com/openphish/public_feed/refs/heads/main/feed.txt
http://www.wfq92.vercel.app/,https://raw.githubusercontent.com/openphish/public_feed/refs/heads/main/feed.txt
http://tart-faq-en--trezr.typedream.app/,https://raw.githubusercontent.com/openphish/public_feed/refs/heads/main/feed.txt
http://crpcm-ncdk.shoua3.workers.dev/,https://raw.githubusercontent.com/openphish/public_feed/refs/heads/main/feed.txt
http://ficofacil.com/,https://raw.githubusercontent.com/openphish/public_feed/refs/heads/main/feed.txt
https://kp2dhlbthocs4k54oaijdta4twjbglazw5duuwrxllc7zqzeqfmq.ar-io.dev/U_QzrDM7hS4rvHAQkcwcnZITLBm3R0paN1rF_MMkgVk?content=v2.eyJ2IjoyLCJzIjoiMFh2ZWtNYU1JOGxmQWpEM0FCMm90SWdlMy0yejJDQmZVc2J0UGNGeWtwayJ9.2EhUbva_Ncj24kJLD6NGXKEJUL1Y8hKsrf-ZHZ-fgOY&shell=U_QzrDM7hS4rvHAQkcwcnZITLBm3R0paN1rF_MMkgVk,https://raw.githubusercontent.com/openphish/public_feed/refs/heads/main/feed.txt
https://z1me4.shop/,https://raw.githubusercontent.com/openphish/public_feed/refs/heads/main/feed.txt
http://mfacebooks.vn/8kw2dgypb1d?a&l,https://raw.githubusercontent.com/openphish/public_feed/refs/heads/main/feed.txt
https://rbcode.net/v/1c57f029ad7e6a43c26a2664c9808c20,https://raw.githubusercontent.com/openphish/public_feed/refs/heads/main/feed.txt
http://www.3636534381.com/,https://raw.githubusercontent.com/openphish/public_feed/refs/heads/main/feed.txt
https://home-ledger-cloudkit-probe-20261003.pages.dev/,https://raw.githubusercontent.com/openphish/public_feed/refs/heads/main/feed.txt
http://pencilmediagrow.com/,https://raw.githubusercontent.com/openphish/public_feed/refs/heads/main/feed.txt
https://amazon.shopping-shop.jp/,https://raw.githubusercontent.com/openphish/public_feed/refs/heads/main/feed.txt
https://information-trezor-bridge.godaddysites.com/,https://raw.githubusercontent.com/openphish/public_feed/refs/heads/main/feed.txt
https://www.informationupdatecenter-verified.vercel.app/,https://raw.githubusercontent.com/openphish/public_feed/refs/heads/main/feed.txt
https://network-soluti0n.com/,https://raw.githubusercontent.com/openphish/public_feed/refs/heads/main/feed.txt
http://cdn-suites-trezzro-doc.typedream.app/,https://raw.githubusercontent.com/openphish/public_feed/refs/heads/main/feed.txt
https://4aoep89w.sanpinjia.com/,https://raw.githubusercontent.com/openphish/public_feed/refs/heads/main/feed.txt
https://singhsudhanshu-bit.github.io/web_design_workshop-2_1189/,https://raw.githubusercontent.com/openphish/public_feed/refs/heads/main/feed.txt
https://browardpdf-viewer.vercel.app/,https://raw.githubusercontent.com/openphish/public_feed/refs/heads/main/feed.txt
https://browardcountypdf-viewer.vercel.app/,https://raw.githubusercontent.com/openphish/public_feed/refs/heads/main/feed.txt
https://www.roblox.com.mu/users/6128029595/profile,https://raw.githubusercontent.com/openphish/public_feed/refs/heads/main/feed.txt
http://du9-excfe2f4hzcddfh9.z02.azurefd.net/,https://raw.githubusercontent.com/openphish/public_feed/refs/heads/main/feed.txt
https://82194.shop/NAJEMODAJALEC.HTML,https://raw.githubusercontent.com/openphish/public_feed/refs/heads/main/feed.txt
https://82194.shop/,https://raw.githubusercontent.com/openphish/public_feed/refs/heads/main/feed.txt
https://blocadvisor.com/,https://raw.githubusercontent.com/openphish/public_feed/refs/heads/main/feed.txt
https://mietenhambugrform.my/form/3c28110d-0926-4f65-8656-993bb3775819,https://raw.githubusercontent.com/openphish/public_feed/refs/heads/main/feed.txt
https://mietenhambugrform.my/,https://raw.githubusercontent.com/openphish/public_feed/refs/heads/main/feed.txt
https://m-facebooks.vn/httpswwwfacebookcomdovanduc2020?Tj9,https://raw.githubusercontent.com/openphish/public_feed/refs/heads/main/feed.txt
https://nshshhshs223.weebly.com/,https://raw.githubusercontent.com/openphish/public_feed/refs/heads/main/feed.txt
http://www.nshshhshs223.weebly.com/,https://raw.githubusercontent.com/openphish/public_feed/refs/heads/main/feed.txt
http://anchor-atlas1575.pages.dev/,https://raw.githubusercontent.com/openphish/public_feed/refs/heads/main/feed.txt
https://webauthenticationsign-appdashboard23h.38-60-206-30.cpanel.site/apdata?c_ds_na=GWZCHPqGOBgBI5vrO2gM6lc4lQp0f2MjUwfMgZSfQW&c_ds_no=%2A%2F%2A,https://raw.githubusercontent.com/openphish/public_feed/refs/heads/main/feed.txt
https://webauthenticationsign-appdashboard23h.38-60-206-30.cpanel.site/,https://raw.githubusercontent.com/openphish/public_feed/refs/heads/main/feed.txt
http://safe-trezor-io-start.typedream.app/,https://raw.githubusercontent.com/openphish/public_feed/refs/heads/main/feed.txt
http://sp1ct10-junrek-biz-vumqo-zavti-8ve.pages.dev/,https://raw.githubusercontent.com/openphish/public_feed/refs/heads/main/feed.txt
http://landing.physiohomecare.ch/jsmbrandex/,https://raw.githubusercontent.com/openphish/public_feed/refs/heads/main/feed.txt
http://gsiajwvv3.github.io/contohphising/,https://raw.githubusercontent.com/openphish/public_feed/refs/heads/main/feed.txt
https://www.secure-verifynfonline.com/,https://raw.githubusercontent.com/openphish/public_feed/refs/heads/main/feed.txt
https://s3.us-east-2.amazonaws.com/ram.adminramexterminators.net/ramexterminators.net.html,https://raw.githubusercontent.com/openphish/public_feed/refs/heads/main/feed.txt
https://rightsolutionsjo.com/vi/b2b.html,https://raw.githubusercontent.com/openphish/public_feed/refs/heads/main/feed.txt
https://sp10ct10-ravlek-biz-vurari-vemko.pages.dev/,https://raw.githubusercontent.com/openphish/public_feed/refs/heads/main/feed.txt
https://www.roblox.rw/games/142823291/Murder-Mystery-2?privateServerLinkCode=60880279682454777980635780626556,https://raw.githubusercontent.com/openphish/public_feed/refs/heads/main/feed.txt
https://www.layanan11all.my.id/bantuan,https://raw.githubusercontent.com/openphish/public_feed/refs/heads/main/feed.txt
https://www.layanan11all.my.id/Retur-refund/,https://raw.githubusercontent.com/openphish/public_feed/refs/heads/main/feed.txt
https://www.layanan11all.my.id/login-tiktok/,https://raw.githubusercontent.com/openphish/public_feed/refs/heads/main/feed.txt
https://www.layanan11all.my.id/tiktok4/,https://raw.githubusercontent.com/openphish/public_feed/refs/heads/main/feed.txt
https://www.roblox.com.pt/users/678407058479/profile,https://raw.githubusercontent.com/openphish/public_feed/refs/heads/main/feed.txt
http://g5.lu/xkzva,https://raw.githubusercontent.com/openphish/public_feed/refs/heads/main/feed.txt
https://www.roblox.com.mu/communities/7080896842/FasionAngel,https://raw.githubusercontent.com/openphish/public_feed/refs/heads/main/feed.txt
https://sp5108.craftum.io/,https://raw.githubusercontent.com/openphish/public_feed/refs/heads/main/feed.txt
http://xxsxsasdfsghman.lol/,https://raw.githubusercontent.com/openphish/public_feed/refs/heads/main/feed.txt
http://web-trezor--bridge.typedream.app/,https://raw.githubusercontent.com/openphish/public_feed/refs/heads/main/feed.txt
http://ssaa-01.pages.dev/,https://raw.githubusercontent.com/openphish/public_feed/refs/heads/main/feed.txt
http://ur-exods.pages.dev/]Exodus/[Official%20Exodus%20Wallet%20Setup%20Link%207],https://raw.githubusercontent.com/openphish/public_feed/refs/heads/main/feed.txt
http://ur-exods.pages.dev/]Exodus/[Official%20Exodus%20Privacy%20Policy%20Link%2010],https://raw.githubusercontent.com/openphish/public_feed/refs/heads/main/feed.txt
http://ur-exods.pages.dev/]Exodus/[Official%20Exodus%20Mobile%20App%20Link%208],https://raw.githubusercontent.com/openphish/public_feed/refs/heads/main/feed.txt
http://ur-exods.pages.dev/]Exodus/[Official%20Exodus%20Security%20Link%201],https://raw.githubusercontent.com/openphish/public_feed/refs/heads/main/feed.txt
http://ur-exods.pages.dev/]Exodus/[Official%20Exodus%20FAQ%20Link%204],https://raw.githubusercontent.com/openphish/public_feed/refs/heads/main/feed.txt
http://ur-exods.pages.dev/]Exodus/[Official%20Exodus%20Customer%20Support%20Link%2012],https://raw.githubusercontent.com/openphish/public_feed/refs/heads/main/feed.txt
http://ur-exods.pages.dev/]Exodus/[Official%20Exodus%20Trezor%20Guide%20Link%206],https://raw.githubusercontent.com/openphish/public_feed/refs/heads/main/feed.txt
http://ur-exods.pages.dev/]Exodus/[Official%20Exodus%20Support%20Link%202],https://raw.githubusercontent.com/openphish/public_feed/refs/heads/main/feed.txt
http://ur-exods.pages.dev/]Exodus/[Official%20Exodus%20Download%20Link%203],https://raw.githubusercontent.com/openphish/public_feed/refs/heads/main/feed.txt
http://ur-exods.pages.dev/]Exodus/[Official%20Exodus%20Assets%20Link%209],https://raw.githubusercontent.com/openphish/public_feed/refs/heads/main/feed.txt
https://m.90manapp.com:9229/account/reg?code=54263/,https://raw.githubusercontent.com/openphish/public_feed/refs/heads/main/feed.txt
https://kraekanzloginu.gitbook.io/,https://raw.githubusercontent.com/openphish/public_feed/refs/heads/main/feed.txt
https://roblox.com.kz/users/1713082251/profile,https://raw.githubusercontent.com/openphish/public_feed/refs/heads/main/feed.txt
https://lnk.ink/Seur-Paquete,https://raw.githubusercontent.com/openphish/public_feed/refs/heads/main/feed.txt
https://hub-trezrsuiteapp--in.gitbook.io/,https://raw.githubusercontent.com/openphish/public_feed/refs/heads/main/feed.txt
https://vmi3580075.contaboserver.net/rdvv/sen/rena/msg.php,https://raw.githubusercontent.com/openphish/public_feed/refs/heads/main/feed.txt
http://www.roblox.rw/users/328405571513/profile/,https://raw.githubusercontent.com/openphish/public_feed/refs/heads/main/feed.txt
https://robloxr.com.es/users/2105745920/profile,https://raw.githubusercontent.com/openphish/public_feed/refs/heads/main/feed.txt
https://wh-appsk.com/index.html/,https://raw.githubusercontent.com/openphish/public_feed/refs/heads/main/feed.txt
http://www.outlook-serv-coral.vercel.app/,https://raw.githubusercontent.com/openphish/public_feed/refs/heads/main/feed.txt
http://outlook-serv-coral.vercel.app/,https://raw.githubusercontent.com/openphish/public_feed/refs/heads/main/feed.txt
https://zhky31qjns-h09s.vercel.app/,https://raw.githubusercontent.com/openphish/public_feed/refs/heads/main/feed.txt
https://roblox.et/users/5366341830/profile,https://raw.githubusercontent.com/openphish/public_feed/refs/heads/main/feed.txt
https://3aze-kwapb9-l1b-nyddn-snu.pages.dev/appeals/submit-appeal-form/return/,https://raw.githubusercontent.com/openphish/public_feed/refs/heads/main/feed.txt
https://trezor--brioge--help.gitbook.io/,https://raw.githubusercontent.com/openphish/public_feed/refs/heads/main/feed.txt
http://wvwv-apple.com/?i=6uf,https://raw.githubusercontent.com/openphish/public_feed/refs/heads/main/feed.txt
https://linkeldin-business-quotation.edgeone.dev/#seral9@0856dd6a4832ed788a0081551e04ff91cf52.org,https://raw.githubusercontent.com/openphish/public_feed/refs/heads/main/feed.txt
https://www.roblox.com.mu/games/139410450104051/an-insane-roblox-game?privateServerLinkCode=12300616122022276665336489241290,https://raw.githubusercontent.com/openphish/public_feed/refs/heads/main/feed.txt
https://trezor-brige.square.site/,https://raw.githubusercontent.com/openphish/public_feed/refs/heads/main/feed.txt
http://zoomeeting.pages.dev/,https://raw.githubusercontent.com/openphish/public_feed/refs/heads/main/feed.txt
https://s4w.in/https-wwwroblox-com-users-3278239576257-profile,https://raw.githubusercontent.com/openphish/public_feed/refs/heads/main/feed.txt
https://www.robiox.com.py/users/327829576257/profile,https://raw.githubusercontent.com/openphish/public_feed/refs/heads/main/feed.txt
https://bitly.cx/RJdmx,https://raw.githubusercontent.com/openphish/public_feed/refs/heads/main/feed.txt
https://bitly.cx/Eo1PM,https://raw.githubusercontent.com/openphish/public_feed/refs/heads/main/feed.txt
https://bitly.cx/C1hwr,https://raw.githubusercontent.com/openphish/public_feed/refs/heads/main/feed.txt
https://bitly.cx/7sp6M,https://raw.githubusercontent.com/openphish/public_feed/refs/heads/main/feed.txt
http://visit-ledgr-helps.square.site/,https://raw.githubusercontent.com/openphish/public_feed/refs/heads/main/feed.txt
http://we-en-trzzr-bridge.square.site/,https://raw.githubusercontent.com/openphish/public_feed/refs/heads/main/feed.txt
https://wallet--ustriezeoro---io.webflow.io/,https://raw.githubusercontent.com/openphish/public_feed/refs/heads/main/feed.txt
http://trezor-login-guide.square.site/,https://raw.githubusercontent.com/openphish/public_feed/refs/heads/main/feed.txt
https://faecbook.vn/t09whebqopj?7Uk,https://raw.githubusercontent.com/openphish/public_feed/refs/heads/main/feed.txt
http://30112358.com/,https://raw.githubusercontent.com/openphish/public_feed/refs/heads/main/feed.txt
http://welcome-suite-eng.square.site/,https://raw.githubusercontent.com/openphish/public_feed/refs/heads/main/feed.txt
http://www.zerodev.tools/zeroscript,https://raw.githubusercontent.com/openphish/public_feed/refs/heads/main/feed.txt
https://rbxliy.netlify.app/,https://raw.githubusercontent.com/openphish/public_feed/refs/heads/main/feed.txt
https://www.history.web86-whatsapp.com.cn/,https://raw.githubusercontent.com/openphish/public_feed/refs/heads/main/feed.txt
