dest_ip,dest_port
172.64.153.235,80
128.199.131.98,18182
125.141.151.83,80
8.213.134.213,1000
103.191.218.37,8199
8.213.128.6,8181
144.202.113.89,80
5.58.66.55,14888
103.146.26.31,5678
138.68.60.8,1080
46.34.165.86,443
43.132.184.228,8181
44.215.106.158,80
128.140.113.110,3128
3.239.102.28,80
185.61.38.140,1080
3.238.58.15,80
175.29.178.34,10808
203.32.120.202,80
51.222.241.8,42378
8.213.195.191,8080
154.6.99.189,1337
8.209.96.245,3128
185.161.186.92,54321
190.214.50.158,55617
44.225.30.92,80
103.109.158.235,4153
50.203.147.152,80
139.255.97.157,14888
187.102.16.66,51327
45.196.150.167,5432
162.220.247.35,6630
200.116.198.222,9812
104.17.239.173,80
197.232.36.85,41890
47.238.128.246,41451
210.61.216.63,60808
94.154.127.231,8085
103.195.65.254,8080
45.12.254.22,3128
150.230.207.167,80
18.139.174.181,80
52.140.40.92,80
37.46.19.235,1080
184.72.150.4,80
103.169.53.145,8080
8.210.17.35,8003
8.211.194.85,8081
174.64.199.82,4145
91.238.104.172,2024
209.159.153.21,46234
3.231.102.84,80
95.217.104.21,24815
198.105.111.50,6728
143.244.140.236,8444
179.1.95.213,999
44.213.1.118,80
34.143.143.61,39698
8.211.195.173,8080
136.144.179.215,80
109.72.100.118,60606
184.72.36.89,80
213.238.168.109,80
1.179.148.9,36476
162.214.154.138,32753
109.86.228.165,5678
47.251.73.54,808
27.73.23.102,1080
105.235.193.46,5678
47.176.213.210,39593
15.197.227.134,443
94.247.208.16,8123
109.94.182.128,4145
192.111.139.163,19404
45.43.81.216,5863
191.7.208.101,31576
92.207.253.226,38157
188.136.143.243,48309
107.181.168.145,4145
163.181.123.54,8080
202.145.5.184,8080
5.129.218.95,8080
178.175.231.12,80
43.153.52.155,443
38.10.179.195,999
219.65.73.81,80
37.187.73.136,56137
170.210.121.190,8080
103.156.75.41,8080
118.172.63.89,4145
202.57.37.197,35846
18.195.164.53,7777
51.8.61.60,80
103.170.185.226,80
85.237.51.73,4145
44.222.139.23,80
186.224.225.30,42648
103.78.25.99,5678
52.24.80.166,80
47.238.134.126,18080
188.164.197.178,55677
31.220.78.244,80
199.229.254.129,4145
143.44.191.108,8080
103.160.207.49,32650
35.154.136.66,80
190.111.209.207,3128
140.250.150.56,1080
155.254.9.2,36510
200.108.234.105,8080
113.161.128.192,4153
195.130.115.208,33333
103.25.209.50,10101
177.73.248.26,55290
190.110.226.122,80
46.227.37.73,51155
94.247.241.70,51006
97.74.87.226,80
18.144.77.146,80
81.161.236.152,8080
3.208.88.100,80
92.42.8.23,4153
47.251.87.74,6379
44.203.205.17,80
80.80.164.164,10801
62.113.119.14,8080
65.21.131.27,80
184.178.172.11,4145
107.181.154.183,5861
104.207.51.207,3129
8.211.49.86,2002
115.21.99.135,4145
82.180.132.69,80
167.235.155.77,47287
5.133.96.148,4153
159.65.144.65,15302
176.215.178.120,8080
185.226.207.7,5556
88.204.216.142,33156
104.207.52.2,3129
103.111.34.29,1080
47.92.152.43,8888
116.203.27.109,80
103.195.252.2,84
177.223.238.20,4153
51.158.64.130,16379
192.111.130.2,4145
201.230.121.244,999
47.86.42.72,1100
190.187.201.26,8080
3.24.58.156,3128
93.118.140.224,8090
190.60.36.83,999
108.162.193.55,80
162.214.197.169,55059
185.238.228.117,80
212.34.116.58,4145
80.253.246.238,6618
212.50.19.150,4153
87.163.203.109,80
45.43.70.228,6515
116.237.128.15,4145
202.5.62.55,8080
194.158.203.14,80
103.180.73.107,8080
47.76.144.139,4145
47.56.110.204,8989
3.228.2.243,80
72.195.34.35,27360
81.103.105.130,8888
47.91.120.190,1234
58.75.126.235,4145
178.18.245.90,29910
201.218.144.19,999
103.151.155.18,11080
103.204.55.221,1080
91.213.119.246,46024
115.187.50.40,5678
184.95.220.42,1080
184.178.172.28,15294
41.191.203.161,80
54.36.81.217,8080
44.203.236.113,80
44.200.239.243,80
3.236.190.236,80
223.27.210.77,8080
149.129.226.9,5441
46.21.186.252,1080
181.143.21.146,4153
137.184.228.194,40886
103.238.232.42,1080
49.229.36.213,4153
72.195.34.41,4145
44.214.4.20,80
41.217.220.214,32650
44.202.200.81,80
8.211.195.139,6379
8.220.141.8,50
190.186.237.103,80
165.227.104.122,48500
5.135.136.60,9090
220.152.112.150,1088
13.223.248.93,80
120.42.35.91,35010
13.220.64.165,80
109.135.16.145,49879
43.157.50.53,443
88.119.49.4,4153
13.219.232.78,80
93.230.164.47,1234
38.60.196.214,80
103.157.13.75,84
109.122.195.16,80
72.210.221.223,4145
46.10.208.106,8192
217.69.121.32,5697
78.188.81.57,8080
39.102.209.163,10002
45.80.108.68,80
202.131.246.250,5678
94.131.7.1,21191
39.102.214.192,9098
186.185.201.243,25
8.211.49.86,2000
98.162.25.7,31653
146.103.56.202,5750
213.145.137.102,37447
121.167.212.146,8089
141.136.63.126,8080
103.151.41.7,80
167.99.124.118,80
43.227.129.129,83
129.126.65.78,4153
167.71.5.83,3128
31.211.130.237,8192
95.53.246.137,3128
197.234.13.82,4145
119.46.68.228,80
72.221.164.34,60671
47.91.29.151,91
203.189.141.139,33333
100.27.183.62,8080
44.203.225.16,80
54.37.115.191,37748
193.158.12.138,4153
103.48.68.68,83
193.124.45.130,1080
192.111.138.29,4145
170.244.0.179,4145
192.254.226.75,80
41.57.99.158,443
103.234.55.173,80
82.152.98.28,80
139.59.61.193,42871
47.91.115.179,1025
183.88.184.48,8080
159.203.61.169,3128
98.84.164.115,80
88.255.102.123,8080
142.54.228.193,4145
170.81.108.153,4153
192.252.209.158,4145
45.188.166.52,1994
3.230.170.190,80
3.238.12.200,80
47.90.149.238,41
8.39.228.21,39593
198.199.86.11,8080
75.84.71.14,80
154.239.9.94,8080
186.219.215.147,4153
185.130.105.112,10088
149.129.255.179,8888
175.203.138.160,5678
95.217.222.144,8080
162.19.91.165,80
119.41.204.34,8989
109.75.42.82,3629
223.25.109.163,8199
103.216.49.229,33333
115.79.4.114,80
139.59.225.188,12827
190.57.131.158,1080
8.211.194.85,8443
38.50.130.93,5678
31.151.131.219,8080
188.134.9.40,1080
77.77.26.152,4153
45.225.120.36,40033
34.234.201.164,80
192.151.153.243,80
192.200.160.100,80
142.54.235.9,4145
72.206.181.123,4145
45.67.215.238,80
190.60.60.219,8080
146.103.3.136,7189
98.92.136.33,80
94.75.76.10,8080
103.125.31.222,80
44.211.90.158,80
181.129.147.163,8080
104.249.55.86,6454
103.242.175.241,8899
170.81.171.189,8282
156.54.240.53,3128
98.80.215.73,80
187.86.59.122,80
47.238.130.212,8004
103.159.88.72,29001
70.35.199.99,56633
46.101.19.131,80
116.118.98.10,5678
109.236.84.37,11075
185.218.202.182,8080
34.237.145.144,80
31.59.15.31,6298
1.1.109.141,9999
98.92.170.78,80
172.105.11.250,33624
49.156.38.126,5678
45.115.115.37,9090
218.3.253.238,10800
199.102.106.94,4145
64.64.152.248,39593
149.129.226.9,100
69.49.234.59,55804
72.37.216.68,4145
47.251.74.38,98
198.105.111.64,6742
34.237.136.80,80
104.16.74.50,80
178.132.0.83,21683
139.255.63.170,14888
66.29.128.241,12795
160.178.96.133,8080
176.226.200.167,80
42.112.147.254,10009
77.34.77.97,4145
180.183.108.19,8080
187.188.58.173,4153
89.32.230.43,4145
46.160.129.189,3128
103.54.57.117,50460
172.64.80.193,80
43.153.170.17,443
115.127.80.1,9090
181.214.39.73,5719
31.58.18.2,6271
37.59.112.197,80
103.39.51.184,8080
46.227.36.1,1088
16.170.1.8,80
35.170.68.201,80
185.247.224.85,8080
187.221.149.83,3128
41.128.183.10,1976
199.102.107.145,4145
213.172.89.227,4153
176.126.85.247,16379
50.210.166.34,80
13.220.142.176,80
8.221.139.222,5060
125.227.225.157,3389
190.186.23.99,5678
65.108.159.129,8081
203.3.112.2,6666
34.146.60.198,80
167.249.30.64,999
47.251.87.74,4145
144.31.85.152,80
110.78.147.107,4145
190.104.26.227,33638
194.146.110.228,1080
107.178.9.186,8080
141.94.104.205,48452
70.166.65.160,4145
44.202.193.87,80
160.251.142.232,80
118.97.107.65,5430
192.252.216.81,4145
188.164.199.199,36938
181.48.243.194,4153
45.81.130.97,8888
108.162.196.203,80
221.219.64.123,1080
1.32.59.217,31981
103.234.137.97,5678
44.193.81.59,80
196.0.113.10,31651
198.49.68.80,80
185.140.102.218,5678
185.30.43.65,60606
104.143.226.76,5679
212.83.143.151,31442
193.200.151.158,8192
45.159.150.23,3128
98.80.142.0,80
44.204.225.68,80
36.91.17.17,5678
58.96.60.165,80
45.79.203.254,48388
181.209.82.154,14888
185.143.145.189,9090
43.165.187.118,80
188.134.1.49,3629
94.26.241.120,8080
173.236.187.104,40355
95.79.43.124,5678
90.156.194.71,8080
46.188.2.42,5678
162.220.247.80,6675
123.25.124.184,8080
165.154.236.214,80
205.177.85.130,39593
149.129.226.9,8081
13.235.43.214,80
95.56.254.139,3128
203.194.21.241,4153
183.80.54.224,1080
116.118.98.21,5678
79.110.202.131,8081
103.134.239.210,5678
186.251.255.25,31337
89.238.206.2,33333
103.102.141.40,4145
46.98.193.59,5678
103.176.179.84,3128
162.220.247.86,6681
3.210.202.87,80
12.218.209.130,13326
93.190.143.223,12325
72.10.160.171,23173
209.182.192.90,53794
190.184.144.222,5678
31.166.158.7,5678
8.220.136.174,6379
190.43.92.249,5678
103.146.2.151,33333
89.148.196.156,1080
183.81.157.65,5678
46.55.143.145,8080
104.16.107.157,80
200.52.153.194,5678
191.97.19.66,999
207.180.250.238,80
186.116.148.52,8080
3.216.27.119,80
13.201.46.189,80
78.109.139.51,5678
187.19.128.76,8090
111.68.127.170,4153
172.245.75.13,7777
1.9.167.35,60489
217.26.67.57,3180
38.51.49.84,999
134.209.189.42,80
77.110.105.74,54052
31.58.18.117,6386
192.111.137.35,4145
35.173.76.39,8080
177.21.36.73,4145
183.88.212.247,1080
130.193.123.34,5678
152.67.99.80,80
192.111.129.145,16894
13.220.2.166,80
179.49.237.6,999
45.136.198.40,3128
185.2.100.85,40826
34.205.171.194,80
8.210.133.169,3128
190.14.232.155,8080
20.223.127.248,3128
212.23.175.80,8443
14.225.240.23,8562
165.232.97.74,80
177.38.5.132,4145
8.148.4.166,13
46.101.102.134,3128
3.235.13.32,80
98.162.96.52,4145
44.192.88.37,80
91.222.238.112,80
96.126.124.119,63883
212.220.13.98,4153
125.25.43.202,8080
41.65.236.56,1981
160.248.7.177,80
190.89.37.73,999
146.70.80.76,80
109.135.16.145,8789
43.251.119.79,45787
43.135.36.24,6555
47.90.167.27,80
103.157.83.231,8080
8.213.156.191,80
36.89.229.97,50540
98.92.202.22,80
94.154.127.26,8085
162.220.247.116,6711
52.87.167.25,80
103.164.112.130,4145
103.121.195.12,61221
195.58.58.211,8118
133.18.234.13,80
184.178.172.25,15291
111.125.242.34,1111
103.156.14.234,1080
35.170.197.28,80
125.141.139.110,5566
43.135.36.240,80
203.57.51.53,80
8.211.51.115,8008
81.44.83.70,8080
5.78.89.192,8080
216.154.201.132,54321
103.51.21.250,83
5.42.87.164,56789
41.33.203.115,1982
200.75.137.210,4145
5.75.200.75,80
98.182.147.97,4145
45.33.21.96,4748
172.67.232.122,80
186.251.255.105,31337
35.189.183.169,3128
143.198.241.47,80
162.220.247.212,6807
194.1.232.150,33333
66.29.128.244,23597
103.156.74.184,8081
162.220.247.221,6816
181.48.70.30,4153
195.231.72.187,1080
104.37.135.145,4145
101.96.117.164,1080
45.6.94.159,4153
201.93.159.234,4145
98.92.229.101,80
82.130.202.219,43429
89.134.125.5,4153
205.185.120.241,5556
103.81.152.10,83
41.65.55.10,1976
24.37.120.42,1080
104.248.225.143,1352
121.29.81.125,1080
76.164.202.90,443
104.192.202.11,1080
82.115.60.51,80
93.177.103.24,50471
117.54.114.100,80
213.249.123.18,1080
93.190.137.117,11435
51.89.21.99,43745
198.105.100.178,6429
47.238.128.246,6379
78.129.253.149,80
124.41.240.203,37704
185.162.229.165,80
8.213.222.247,18080
191.7.189.184,5678
8.218.220.123,8080
43.153.86.246,7890
46.173.211.221,12880
111.61.73.175,7302
206.189.146.13,8080
98.188.47.132,4145
59.92.70.176,3127
47.90.149.238,4002
102.216.69.176,8080
103.76.253.66,3129
180.211.193.18,4153
8.220.204.92,19
45.4.3.6,999
118.136.82.136,5678
171.244.68.28,5678
200.115.157.211,4145
177.136.212.31,4145
8.211.195.173,10001
217.219.74.130,8888
122.129.84.12,8080
203.160.56.1,5678
45.43.64.127,6385
115.127.83.142,1088
44.193.3.126,80
202.137.134.160,8088
116.204.160.111,8080
218.75.102.198,8000
190.61.41.182,999
54.236.240.95,80
40.172.150.7,80
36.92.186.59,1080
8.134.149.133,8081
18.204.243.27,80
72.195.34.42,4145
91.92.80.199,4145
153.19.91.77,80
75.119.206.18,23456
34.120.231.30,80
104.244.75.78,31534
139.59.1.14,3128
190.57.245.250,8080
217.149.98.98,4153
81.12.169.254,4153
195.225.49.135,55774
185.139.56.133,4145
110.74.195.152,1080
185.36.145.246,80
108.162.198.183,80
102.223.9.53,80
103.147.98.122,8080
104.207.43.82,3128
8.213.156.191,8888
90.154.124.211,8080
45.173.6.226,999
2.81.216.239,4153
197.221.240.246,80
190.94.245.178,999
91.247.250.215,4145
197.234.13.94,4145
210.2.171.107,35010
46.47.82.16,4153
45.249.79.190,3629
95.217.201.196,10037
41.128.183.12,1976
109.248.236.150,9898
3.94.21.226,80
47.89.159.212,179
8.211.194.85,9999
47.242.3.214,8081
112.78.137.106,8080
3.235.86.245,80
109.184.240.34,7788
178.49.14.57,3128
187.49.207.65,4153
125.25.40.41,32650
139.162.200.213,80
95.78.119.94,1080
199.187.210.54,4145
13.223.244.55,80
204.199.139.126,999
171.254.217.158,1080
102.39.68.76,8080
185.186.17.57,5678
8.211.51.115,9080
13.78.120.128,80
108.162.193.49,80
165.154.224.14,80
37.26.136.224,4153
185.88.177.40,80
47.104.27.249,8080
47.91.29.151,41
114.4.241.210,5678
68.1.210.163,4145
98.92.46.11,80
144.91.95.238,58237
45.161.170.69,4153
103.88.169.6,3629
8.35.211.11,80
31.57.46.235,80
89.110.115.238,80
47.251.87.199,45
181.209.106.189,1080
3.224.26.242,80
8.215.15.163,8080
89.110.65.39,9999
178.115.255.177,5678
62.171.132.27,39536
61.148.199.206,4145
166.62.35.102,50709
50.250.205.21,32100
3.20.35.81,80
3.235.84.20,80
20.2.144.174,9998
104.207.56.217,3128
92.180.22.224,8081
188.132.222.4,8080
60.217.64.237,35292
8.211.194.85,1080
13.209.156.241,80
5.188.64.79,5678
185.85.111.18,80
171.238.103.65,1030
170.114.45.32,80
131.100.49.73,999
3.234.230.16,80
149.129.226.9,8443
155.50.213.149,3128
125.228.143.207,4145
45.43.70.252,6539
186.159.6.163,1994
223.165.243.161,47205
101.200.158.109,8800
156.67.217.159,80
3.133.142.76,43409
85.25.103.138,1080
143.255.111.112,3128
45.171.216.12,3629
131.161.68.41,35944
181.129.62.2,47377
191.243.54.245,41599
154.90.48.76,80
43.252.237.98,4145
51.38.32.142,46627
154.205.147.214,80
103.126.174.187,8080
181.74.81.195,999
188.163.170.130,35578
209.145.60.213,80
131.100.51.146,999
88.99.148.60,8111
121.13.252.60,61401
98.80.208.186,80
93.42.151.100,8080
8.210.147.115,3128
88.255.102.114,1082
116.109.14.25,4008
184.60.66.122,80
203.188.245.98,52837
177.136.124.36,3629
119.15.89.87,5678
201.174.239.31,4153
46.0.203.140,4890
144.91.113.229,57018
218.26.101.226,53813
185.87.121.35,8975
183.182.102.135,5678
44.201.21.103,80
103.216.51.36,32650
72.52.217.188,80
208.96.138.86,29183
143.202.97.171,999
177.38.5.230,4153
190.69.157.213,999
45.73.0.118,5678
8.213.197.208,3128
202.152.15.2,4145
44.199.211.207,80
171.247.96.79,1080
178.175.231.14,80
156.200.123.170,8080
103.36.11.18,8199
103.65.237.92,5678
139.162.236.244,80
109.224.22.34,51372
46.241.57.29,1080
49.156.151.246,83
91.99.181.245,80
188.132.222.36,8080
134.209.29.120,3128
207.180.252.117,2222
89.46.249.148,8588
54.221.172.63,80
103.174.178.133,1020
94.184.25.4,80
91.238.104.171,2023
163.47.37.190,1080
204.199.140.2,999
20.44.206.138,80
198.46.174.81,12345
195.181.173.65,80
80.78.78.106,65530
98.178.72.21,10919
91.213.249.200,80
124.108.6.20,8085
200.52.148.10,999
207.180.254.198,8080
13.215.198.118,80
51.178.76.203,80
181.176.221.151,9812
95.251.231.59,8118
162.211.83.5,80
190.97.230.98,999
75.119.202.104,32524
20.242.243.105,3128
115.127.75.26,7777
40.172.79.208,80
103.109.173.11,8080
46.161.6.165,8080
212.33.248.45,1080
50.203.147.155,80
138.36.199.14,4153
18.208.196.33,80
8.215.3.250,9080
34.216.224.9,40715
156.246.90.81,80
200.41.60.33,4153
109.238.14.123,52663
80.78.73.120,65530
8.213.222.247,8081
51.75.126.150,57328
62.193.108.144,1976
45.65.137.218,999
178.128.172.154,3128
162.220.247.73,6668
103.156.14.165,5678
37.26.86.206,4145
12.50.107.219,80
189.203.181.34,1080
104.200.152.30,4145
80.78.70.253,65530
50.203.147.156,80
8.215.15.163,104
154.17.228.122,80
78.40.104.5,1080
23.88.100.190,80
45.43.81.84,5731
212.252.73.34,8080
144.125.164.222,8080
44.214.95.223,80
182.72.118.38,80
103.165.64.86,4153
3.237.184.54,80
192.203.0.238,33333
118.174.47.182,4145
195.228.65.164,5678
154.113.121.60,80
46.229.66.241,1080
192.99.201.39,18336
176.112.157.19,8080
103.130.70.233,83
44.213.111.93,80
123.231.230.58,31196
163.172.132.238,16379
87.95.146.131,80
216.26.244.172,3129
107.174.82.16,21080
5.188.190.114,80
3.238.103.220,80
66.42.224.229,41679
39.100.88.89,8081
85.30.219.207,8080
95.173.218.66,8082
91.213.99.134,3128
89.39.105.228,11035
186.194.234.18,4153
44.200.10.1,80
13.220.24.217,80
198.199.86.11,1080
142.54.229.249,4145
201.218.144.18,999
3.236.191.144,80
1.212.157.114,4145
80.194.38.106,3333
27.65.114.5,1080
167.172.162.201,3128
47.101.32.153,1080
72.195.34.58,4145
190.249.169.153,3629
213.190.26.158,1080
212.114.194.72,80
186.219.96.12,52017
200.106.184.97,999
211.25.127.161,80
45.168.49.2,8080
179.255.223.169,8080
167.86.74.155,21966
149.129.205.1,3128
44.200.252.148,80
222.129.36.157,57114
181.57.138.70,4153
163.53.180.115,60606
8.213.156.191,10000
103.187.38.38,1080
213.32.252.134,5678
220.167.89.10,10800
138.59.11.192,999
112.205.92.14,8080
69.164.206.96,13024
177.137.207.166,1080
61.178.99.43,7302
98.170.57.241,4145
185.128.242.4,45629
44.196.59.146,80
185.238.228.88,80
47.74.46.81,80
148.72.177.90,8228
45.206.72.173,1338
167.71.232.168,3000
113.109.29.98,3629
115.127.36.190,1088
157.230.226.230,1202
45.122.45.49,5678
109.111.212.78,8080
54.212.149.239,80
8.219.236.161,1145
204.199.140.28,999
115.127.106.226,1088
194.233.88.202,12187
3.239.166.14,80
104.16.0.126,80
175.29.125.242,8080
116.118.98.26,5678
170.239.205.185,999
193.34.161.137,44436
201.186.41.17,999
3.208.90.43,80
157.230.225.87,42412
217.29.18.206,4145
132.148.244.30,45157
51.158.108.134,16379
18.185.165.179,80
190.94.213.23,999
47.252.18.37,100
154.72.73.214,1080
189.240.60.233,9090
91.222.198.125,5678
83.219.145.106,3128
202.133.88.173,80
3.235.127.186,80
194.87.77.22,80
44.197.183.130,80
13.232.245.132,80
8.213.222.157,3128
31.146.161.106,80
45.190.141.241,1080
105.234.148.210,35010
121.139.218.165,31409
92.222.237.74,8888
183.89.139.38,4153
62.112.8.211,11037
103.9.134.114,1080
103.243.114.206,8080
92.114.157.221,4145
47.86.43.255,1111
78.39.10.11,3128
37.68.74.179,80
222.188.105.190,10800
193.164.155.166,80
159.65.49.22,1080
174.77.111.197,4145
176.74.199.115,19524
47.238.128.246,8001
155.50.253.163,3128
203.115.123.163,1452
96.30.79.84,8081
198.199.86.11,80
94.154.127.232,8085
8.213.222.157,5060
121.127.42.146,80
190.13.147.93,5678
203.112.134.74,5678
47.251.73.54,3128
203.189.154.151,1080
85.214.77.104,80
102.38.22.121,8080
174.136.204.40,80
8.213.134.213,5060
85.187.224.21,8080
185.103.134.4,8080
202.40.186.66,1088
132.255.23.183,999
43.201.75.51,80
72.221.172.203,4145
95.217.195.146,9999
2.59.117.122,46738
164.138.205.119,8080
3.237.60.212,80
50.203.147.153,80
46.8.60.34,1080
15.206.25.229,80
103.206.208.135,55443
202.5.37.104,17382
62.99.138.162,80
5.161.133.32,80
201.182.251.140,999
192.252.215.5,16137
36.64.238.82,1080
58.222.132.164,7300
139.59.1.14,8080
162.144.236.128,80
36.94.185.93,35010
107.219.228.250,7777
154.31.113.209,80
103.48.181.189,4145
104.199.219.13,3128
202.162.212.164,4153
8.213.128.6,18081
89.250.148.158,1080
8.42.68.249,39593
15.207.63.47,80
98.94.230.151,8080
31.217.211.111,8090
107.152.98.5,4145
190.71.24.129,999
43.252.236.114,1080
200.108.197.2,8080
118.70.212.110,60606
27.147.218.162,8080
185.226.204.29,5582
51.89.68.78,9050
181.16.201.37,80
41.33.66.228,1981
103.200.135.226,4145
47.251.73.54,9098
81.169.213.169,8888
8.213.222.157,18080
1.179.148.33,1080
45.229.34.174,999
103.240.33.33,13292
124.6.225.124,1088
185.231.204.221,6115
51.89.25.24,80
61.184.189.124,10800
45.128.133.241,1080
44.199.53.97,80
50.200.166.130,8080
45.136.26.97,8085
182.54.148.1,4145
180.191.22.50,4153
77.235.28.229,4153
109.120.155.9,3128
185.244.208.195,23699
103.143.214.77,5678
8.211.195.173,1000
12.11.59.114,1080
195.138.73.54,31145
109.160.97.49,4145
103.239.201.10,58765
137.184.100.135,80
20.27.11.248,8561
197.156.243.134,33333
51.15.133.214,16379
58.18.39.58,10800
212.112.127.20,8080
103.231.177.12,5020
46.29.116.6,4145
121.66.105.19,51080
82.100.214.5,80
43.252.237.111,1111
67.201.59.70,4145
44.204.113.187,80
155.0.181.254,41174
8.221.139.222,4002
185.134.99.61,4153
45.230.170.30,999
181.57.131.122,8080
8.213.222.247,8443
91.218.244.153,8989
139.162.166.167,43941
37.52.13.164,5678
103.156.75.246,8181
202.137.144.228,8080
82.137.90.192,80
212.33.238.17,8111
8.130.71.75,9080
209.14.98.6,8080
13.220.250.160,80
47.250.51.110,8080
202.47.188.189,8080
181.115.206.242,3128
108.162.193.143,80
93.180.133.8,54842
190.116.2.52,80
157.90.206.227,1080
44.192.37.251,80
47.76.144.139,3128
128.199.202.122,8080
134.122.21.142,33346
134.249.128.111,1080
41.174.111.123,8080
157.125.220.80,8080
162.55.26.132,31280
8.210.89.96,1080
103.105.40.97,4145
89.116.88.19,80
68.183.180.48,8080
103.85.183.30,4995
27.147.239.162,35010
103.189.254.28,2222
36.50.135.105,37432
108.162.193.162,80
89.28.48.254,5678
103.102.141.39,4145
67.201.33.10,25283
45.138.69.47,20000
35.196.18.239,80
157.100.6.202,999
176.119.16.40,8534
197.221.123.26,4153
157.20.244.78,8080
68.71.240.210,4145
103.19.130.50,8080
186.215.87.194,30008
80.63.84.58,8081
177.43.72.250,5678
95.188.82.147,3629
45.62.167.249,80
45.79.191.172,36852
118.163.13.200,8080
150.220.8.228,64312
150.109.245.228,15673
98.92.34.62,80
190.136.50.67,3128
18.207.148.115,80
185.6.9.176,8072
80.103.163.1,80
8.212.151.166,20000
209.97.150.167,80
210.16.86.105,5678
152.42.195.255,3128
103.175.127.230,60606
103.150.110.202,9969
0.0.0.0,80
41.190.152.130,4673
14.241.182.44,5678
44.215.111.131,80
103.129.92.44,5678
201.249.152.172,999
103.137.91.250,8080
8.211.42.167,1080
85.62.5.158,5678
8.211.200.183,3128
199.58.185.9,4145
170.114.45.167,80
155.50.208.37,3128
47.238.128.246,8004
103.23.204.146,4673
203.189.150.48,8080
181.204.39.202,53740
8.213.128.6,4145
52.188.28.218,3128
185.206.80.227,10801
178.34.190.6,8080
39.102.208.149,81
13.220.166.13,80
68.71.252.38,4145
68.183.90.210,59166
8.211.49.86,50070
83.220.46.106,4145
89.218.8.152,1080
94.198.40.18,80
103.189.11.63,3838
44.204.93.103,80
8.211.195.173,3129
177.85.65.177,4153
113.161.175.177,5678
182.52.63.95,4153
3.27.36.154,80
190.54.12.74,5678
100.1.53.24,5678
219.93.101.60,80
119.93.129.34,80
45.235.123.45,999
147.75.34.92,9443
147.45.170.65,1080
91.107.143.45,80
3.239.242.136,80
142.93.162.127,44910
108.170.12.11,80
181.209.253.168,35010
103.155.54.38,83
15.235.192.85,80
193.106.57.96,5678
185.56.180.14,5678
103.240.33.17,8291
72.210.221.197,4145
109.224.242.13,8085
79.159.199.182,80
8.209.96.245,9098
50.203.147.159,80
8.219.97.248,80
77.235.23.130,5678
142.93.151.99,45365
103.250.148.82,41889
8.146.200.53,9080
78.133.163.190,4145
103.209.88.70,8080
154.72.90.74,8081
171.228.187.167,60638
190.61.84.166,9812
52.203.62.58,80
161.97.161.81,47644
98.92.180.222,80
62.122.201.246,50129
47.91.89.3,8080
104.225.220.233,80
103.114.96.93,1080
8.215.3.250,7777
93.175.194.155,3629
173.212.245.45,41162
185.43.249.148,39316
109.236.83.71,11035
51.178.86.221,3128
205.185.123.62,2555
176.9.238.167,52533
202.162.212.163,4153
103.242.104.16,3128
13.220.69.87,80
58.59.60.94,10800
102.0.18.198,8080
72.10.164.178,2493
8.209.96.245,18080
3.128.142.113,80
198.111.166.184,80
138.68.60.8,80
118.172.47.97,51327
185.125.23.109,8899
47.238.128.246,45
98.170.57.249,4145
4.188.236.47,80
82.165.105.48,80
47.245.30.253,8080
167.71.250.32,43965
103.70.159.146,5678
1.180.49.222,7302
185.174.137.30,3128
72.195.34.60,27391
213.252.245.221,6101
61.155.235.58,10800
203.156.190.5,5678
47.121.182.36,80
202.166.196.105,48293
192.111.135.18,18301
147.75.34.103,10005
82.223.165.28,18356
85.172.0.30,8080
98.81.68.156,80
124.122.175.63,8888
31.40.144.129,8888
185.171.54.36,4153
51.158.79.141,16379
192.111.135.17,18302
50.238.47.86,32100
54.92.199.26,80
203.13.32.218,80
217.182.6.206,26379
186.201.31.189,4145
163.47.174.47,1080
220.122.70.189,80
92.119.74.49,5678
125.27.10.84,4153
8.213.128.6,3129
159.65.11.208,8080
98.190.239.3,4145
38.252.213.64,5678
147.75.34.93,9480
72.195.114.169,4145
8.211.42.167,1234
184.181.217.201,4145
93.180.222.134,8080
138.117.229.17,999
189.250.135.40,80
103.147.182.36,80
124.90.45.58,10800
179.96.251.161,5678
113.108.13.120,8083
218.4.192.62,7302
163.172.131.178,16379
213.156.124.3,33333
177.67.136.141,4153
162.144.74.156,3620
194.28.91.10,5678
198.8.84.3,4145
8.211.49.86,9098
102.141.30.2,33333
167.172.159.43,39019
138.68.169.8,3128
183.80.130.10,4145
192.252.214.17,4145
181.212.41.171,999
213.151.79.84,8080
8.213.195.191,3000
213.136.192.28,80
58.152.58.208,80
108.162.192.195,80
119.148.23.210,9990
51.15.230.100,16379
35.230.154.184,3128
185.72.58.155,5678
8.130.34.44,9999
125.227.169.85,38157
188.138.179.13,4153
197.232.43.224,1080
154.236.191.48,1976
8.137.92.88,8080
174.138.54.65,80
3.236.181.193,80
185.161.186.133,54321
103.225.221.18,5678
157.90.159.126,80
95.31.42.199,3629
116.118.149.103,80
69.36.63.128,1080
194.36.55.236,80
168.205.218.5,4145
192.111.130.5,17002
98.92.164.137,80
186.159.3.193,45524
45.225.184.177,999
202.159.30.9,443
116.202.100.234,37435
8.209.255.13,3128
176.9.238.173,47679
181.115.207.114,1080
187.86.153.254,30660
3.237.185.100,80
185.32.4.110,4153
5.133.193.54,45803
103.122.60.241,8080
36.229.100.73,80
44.222.91.237,80
171.248.218.11,1080
46.214.153.223,5678
103.110.184.1,6037
47.90.149.238,8081
35.173.18.100,80
95.80.253.77,33333
54.71.159.231,80
185.80.196.95,80
3.14.227.50,80
146.56.178.93,1711
8.213.134.213,41
8.213.195.191,8008
103.174.150.58,1080
202.162.105.202,80
8.213.195.191,8443
184.105.133.1,48324
118.174.209.189,4145
74.208.127.51,8080
195.138.65.34,5678
109.224.22.36,51372
77.238.79.111,5678
197.164.101.14,1976
185.200.119.90,8443
72.210.208.101,4145
52.48.229.227,80
45.250.215.8,8080
14.225.219.74,3389
44.211.184.186,80
103.235.199.100,25566
93.190.141.182,11117
194.87.69.136,8989
103.43.128.123,5678
185.198.3.1,11223
184.178.172.13,15311
47.91.89.3,1081
41.57.6.45,8080
5.75.198.72,80
69.61.200.104,36181
103.157.219.4,80
45.12.129.42,80
23.225.129.132,39877
47.56.110.204,8990
168.90.255.60,999
190.94.212.216,999
216.39.248.155,33333
64.225.8.179,10000
190.5.77.211,80
109.234.35.246,8080
38.41.0.60,11201
45.3.54.166,3129
91.103.29.150,3629
195.29.122.132,60606
165.227.118.27,80
27.77.238.72,1080
94.250.250.154,3128
43.129.249.83,8888
36.66.203.163,5678
103.178.2.16,8199
162.216.204.146,1080
18.202.158.161,80
103.129.201.35,8080
185.226.113.180,38030
152.42.205.81,3128
5.183.70.46,1080
36.95.189.165,5678
173.212.237.43,43648
98.92.182.111,80
186.215.87.194,30006
47.252.18.37,9080
62.109.19.5,80
213.210.67.186,3629
98.162.25.16,4145
47.238.60.156,31433
91.107.179.137,80
44.223.102.111,80
103.102.12.105,8080
8.210.17.35,8082
202.93.247.42,8090
92.252.155.75,7788
8.213.197.208,8889
3.239.65.108,80
89.175.0.74,3129
188.34.164.99,8080
77.241.20.215,55915
8.221.139.222,17
52.41.249.10,80
103.127.23.10,5678
103.10.99.110,5678
69.27.14.138,43014
3.216.123.7,80
193.151.130.114,8086
190.104.213.175,1080
3.106.175.82,80
142.54.236.97,4145
186.235.201.10,8080
82.67.115.246,80
190.52.178.17,80
3.209.11.93,80
35.194.228.247,3128
168.196.126.237,999
194.186.35.70,3128
143.255.147.242,8080
103.113.3.242,4145
143.255.140.28,5678
1.20.227.66,4145
104.200.135.46,4145
176.88.166.215,1080
190.61.48.24,999
182.16.171.42,51459
98.181.137.80,4145
47.251.57.165,1080
178.72.89.106,8080
40.172.223.148,80
122.175.58.131,80
39.170.85.129,7302
47.238.60.156,81
118.174.219.41,4153
35.185.202.12,80
199.119.74.239,33333
128.199.150.88,64054
8.211.49.86,1088
87.239.31.42,80
197.221.249.199,80
78.37.27.139,56228
202.137.141.212,5678
91.107.203.75,8080
217.52.247.88,1976
104.17.66.69,80
141.105.107.152,5678
223.26.16.1,5678
110.235.249.8,33333
41.79.10.218,4673
176.105.212.219,8080
34.200.229.9,80
103.48.183.113,4145
191.7.208.74,8080
110.49.53.69,8081
20.27.14.220,8561
8.221.138.111,19
159.65.116.119,30199
157.230.1.108,14070
46.160.90.81,5678
31.43.33.56,4153
103.175.156.242,8070
115.127.180.90,5678
8.221.138.111,2000
45.128.133.225,1080
168.228.71.251,4153
177.234.192.44,32213
113.177.204.26,8080
31.58.18.245,6514
5.160.103.246,8080
47.104.198.111,8443
45.90.104.150,9090
89.151.134.157,3629
189.161.3.231,10101
8.211.195.139,18080
186.103.133.91,5678
1.180.0.162,7302
174.129.234.143,80
192.252.209.155,14455
82.26.74.193,9004
192.252.211.197,14921
60.243.160.53,1080
216.218.249.28,8181
41.77.188.131,80
217.52.247.77,1981
209.250.230.101,9090
47.251.87.199,85
3.148.105.143,80
43.231.79.36,33333
34.87.103.220,80
44.202.202.94,80
47.238.130.212,8443
213.183.63.93,80
159.224.243.185,61303
104.16.10.40,80
104.236.171.128,41047
140.238.68.47,20170
190.14.249.111,8080
160.19.18.209,8080
157.245.134.203,12851
44.192.99.204,80
51.38.155.24,46069
156.233.92.6,3128
45.161.201.202,3386
197.232.47.102,52567
8.209.96.245,8080
103.125.154.233,8080
45.43.64.40,6298
171.248.212.241,1080
177.132.188.44,4153
178.33.162.89,58574
223.17.51.108,80
103.146.170.244,5678
95.87.30.11,8080
8.213.156.191,3541
190.61.32.168,6969
43.255.113.232,84
178.220.148.82,10801
37.34.72.132,4145
16.163.88.228,80
127.0.0.7,80
116.49.248.98,80
8.130.34.44,5555
72.206.181.103,4145
27.123.1.34,4153
168.205.217.91,4145
152.231.27.54,999
86.100.63.246,4145
38.10.250.5,999
199.102.104.70,4145
152.231.25.114,8080
193.176.242.186,80
35.170.53.14,80
103.113.3.186,4145
206.62.165.42,999
172.174.249.255,80
18.213.193.162,80
37.187.29.43,42450
36.91.45.11,51299
47.251.73.54,64
184.178.172.18,15280
89.46.249.143,13266
176.208.101.50,8080
3.236.160.211,80
71.234.197.16,4600
44.215.102.241,80
181.113.135.254,50083
191.7.216.210,8080
8.211.51.115,84
8.215.3.250,264
89.110.76.193,80
201.182.251.141,999
103.160.201.26,1080
182.160.105.46,14157
103.160.202.180,8080
190.5.234.34,5678
3.237.182.137,80
205.185.117.77,16831
8.213.215.187,443
197.248.249.147,5678
1.179.199.130,33333
182.53.96.56,4145
202.144.134.150,5678
45.76.121.215,6688
103.248.9.229,5678
117.74.125.14,1133
27.154.57.94,10800
41.128.148.78,1976
41.220.16.209,80
104.248.158.27,25100
103.242.119.88,80
100.27.36.203,80
102.223.20.217,80
143.110.186.10,6647
202.74.48.66,1088
163.172.137.49,16379
67.43.236.20,23497
112.198.22.122,80
3.239.187.47,80
102.209.56.21,80
174.77.111.198,49547
110.232.92.49,8080
206.62.64.34,8080
8.215.12.103,8443
47.119.22.92,10000
211.38.188.120,9080
46.227.39.2,1088
81.250.223.126,80
37.152.171.39,4153
181.39.27.225,1994
91.236.156.3,8282
102.209.18.68,8080
41.204.63.118,80
198.8.94.174,39078
120.79.7.173,8085
13.219.248.57,80
50.236.148.254,31699
15.204.243.210,80
18.216.151.186,80
190.6.54.12,6969
178.44.160.163,7788
23.227.38.222,80
154.61.76.24,8081
170.239.207.178,999
139.59.234.208,50929
114.7.97.222,35010
64.202.184.129,10270
24.248.184.51,8080
3.93.35.76,80
5.58.97.89,8080
193.253.220.32,80
44.213.114.148,80
213.73.25.230,8080
178.35.177.242,3629
103.164.229.149,8080
202.84.76.190,5678
182.72.203.246,80
8.220.185.24,8080
88.80.150.7,4473
8.211.195.139,100
72.206.181.97,64943
139.59.7.217,36590
1.179.151.165,31948
117.54.114.97,80
178.62.229.28,3128
192.111.137.37,18762
210.245.51.76,4145
68.178.161.107,80
190.182.88.214,30956
91.147.235.162,4153
138.36.171.244,7497
47.242.28.125,23333
192.3.24.39,15673
44.222.145.104,80
115.127.98.18,58080
183.80.37.53,1080
112.78.155.212,3128
142.54.231.38,4145
147.75.34.93,80
54.173.77.49,8080
110.77.149.50,5678
212.126.5.246,42344
134.122.43.203,56442
34.39.246.220,3128
51.15.5.21,60349
98.82.169.125,80
172.105.107.223,3128
64.56.150.102,3128
93.90.212.2,4153
45.80.110.40,80
62.210.222.58,3128
140.83.32.175,80
159.223.71.106,5566
213.6.170.17,80
47.90.167.27,102
51.15.196.107,16379
204.44.87.247,8888
37.228.129.57,22122
181.143.207.10,33333
41.65.160.171,1981
192.236.160.186,80
115.127.82.138,9090
78.153.225.20,80
94.73.239.124,55443
145.40.97.148,9401
78.31.93.76,1080
119.46.2.245,4145
210.223.44.230,3128
200.35.34.134,999
8.211.194.78,8081
67.206.213.202,55555
195.98.82.63,1080
103.18.47.79,4145
128.199.202.122,1080
49.48.120.123,8080
47.251.87.74,8080
182.53.202.208,8080
45.115.115.42,4153
195.114.209.50,80
120.50.13.38,40308
8.211.51.115,10243
175.101.240.38,80
116.212.182.74,8081
125.26.4.197,4145
183.88.240.53,4145
217.150.43.249,8080
190.2.209.61,999
129.205.244.158,1080
51.158.98.211,16379
47.251.87.74,8983
72.221.232.155,4145
31.59.33.72,6648
51.15.240.207,16379
84.52.125.113,8082
47.242.244.23,1080
103.137.83.120,8080
8.210.17.35,9098
113.123.0.14,57114
34.44.49.215,80
72.221.171.130,4145
94.253.95.241,3629
186.215.68.51,3127
154.236.191.48,1981
100.42.112.23,3128
38.127.179.230,46656
54.237.94.156,80
138.68.24.185,58170
77.233.5.68,55443
5.58.47.25,3629
181.209.106.188,1080
213.19.205.18,54321
123.126.158.50,80
176.99.2.43,1080
12.50.107.220,80
8.211.195.139,8081
209.50.181.102,3129
91.221.177.40,80
85.237.62.189,3629
34.205.181.146,80
3.235.101.132,80
95.128.142.76,1080
185.194.143.60,80
217.23.6.121,15324
8.211.194.78,8005
46.227.37.185,1088
197.234.13.49,4145
8.213.195.191,90
159.192.138.170,8080
103.174.178.131,1020
115.127.87.245,10800
81.180.92.198,8080
201.229.250.21,8080
102.38.17.193,8080
146.56.150.146,32241
8.211.194.78,8080
180.92.212.178,23953
51.77.141.29,4662
103.60.186.21,52195
209.126.6.159,80
8.211.51.115,3333
201.174.175.82,999
146.59.14.159,80
45.80.108.251,80
187.141.129.86,4153
36.93.8.34,11000
103.171.83.25,10810
47.238.128.246,8888
103.134.165.38,8080
123.25.116.228,1080
181.79.81.104,8080
200.118.122.6,4153
3.83.21.121,80
8.213.222.157,4000
103.177.235.207,84
200.123.109.166,4153
159.223.42.24,8105
8.138.131.110,9098
192.111.139.165,4145
13.220.148.204,80
89.169.156.179,8118
98.103.88.158,46104
163.44.253.160,80
159.69.153.169,5566
201.20.95.226,8080
185.43.189.182,3629
47.238.60.156,8888
201.219.201.14,999
190.15.210.143,33333
50.250.75.153,39593
72.10.164.178,18431
23.227.38.110,80
199.116.114.11,4145
37.131.164.124,59341
162.253.68.97,4145
143.42.66.91,80
204.199.120.18,999
190.12.95.170,37209
8.221.139.222,8108
202.51.179.105,3629
185.200.37.41,8080
149.202.75.85,36666
212.114.194.79,80
167.99.236.14,80
45.65.113.18,27676
139.59.14.115,33292
47.250.159.65,8002
51.178.28.228,9050
159.203.104.153,8200
188.40.57.101,80
116.96.82.78,4020
135.125.174.192,80
124.41.213.174,5678
203.85.120.69,8080
157.175.170.170,943
47.91.89.3,1080
185.77.220.168,8085
47.116.126.57,3128
189.73.53.94,8080
107.181.148.224,6084
109.194.34.246,8082
103.37.82.134,39873
8.211.49.86,8443
201.174.73.70,11337
185.161.186.83,54321
38.156.73.61,8080
181.13.198.90,4153
103.149.194.9,32650
103.168.47.12,33333
183.88.214.44,8080
201.159.15.133,5678
114.236.93.203,15800
18.213.151.25,80
185.72.4.30,80
125.25.32.228,8080
44.215.103.43,80
157.180.118.86,80
202.40.178.234,1080
110.77.145.159,4145
77.225.177.14,10801
8.213.156.191,9098
39.104.57.33,7777
8.215.3.250,8008
89.58.57.45,80
34.205.247.205,80
176.126.164.213,80
64.225.4.85,9997
45.43.64.218,6476
3.143.37.255,80
45.172.1.4,800
123.31.12.184,45255
223.18.60.191,8080
184.181.217.194,4145
41.191.203.160,80
34.122.187.196,80
200.105.252.170,5678
103.245.205.142,35158
3.218.240.8,80
103.48.71.34,83
177.229.210.50,8080
178.45.174.188,7788
35.197.89.213,80
120.224.234.71,7300
185.226.207.151,5700
35.162.158.226,80
45.71.15.2,8080
162.248.167.36,8080
5.133.214.122,22799
154.66.108.52,3629
3.238.102.215,80
44.204.98.222,80
187.84.176.20,8080
106.75.154.243,999
208.109.13.93,46481
5.181.178.94,8080
85.235.184.186,3129
157.230.250.185,25135
103.210.29.201,31433
3.137.32.100,80
66.63.168.119,8000
44.214.181.209,80
41.73.253.234,4145
103.160.12.138,4145
18.188.141.177,1145
123.202.159.108,80
66.29.149.174,2515
44.197.194.177,80
103.178.221.217,8080
41.223.108.13,1080
72.37.217.3,4145
93.184.8.22,1080
1.179.148.9,55636
13.220.24.52,80
212.192.31.37,3128
45.4.0.59,999
191.101.1.116,80
68.1.210.189,4145
13.202.37.64,80
8.221.139.222,8080
85.220.141.220,80
100.27.33.79,80
106.14.91.83,8008
202.162.105.202,8000
87.228.89.21,80
163.172.161.35,16379
52.47.137.181,80
44.230.139.198,80
188.143.169.22,33333
82.137.250.156,4145
51.15.209.188,16379
103.31.45.203,1080
196.202.210.73,32650
198.105.111.106,6784
125.141.139.112,5566
3.227.246.222,80
181.143.181.35,8080
8.211.194.78,1081
185.200.37.43,8080
159.148.146.65,5678
187.216.144.170,5678
103.199.158.97,41610
125.141.133.98,5566
8.219.229.53,8888
173.249.30.165,3128
104.193.172.139,53556
58.235.170.51,5678
8.221.138.111,13
138.201.139.252,12344
203.200.155.180,3128
188.246.226.126,11014
82.103.70.227,4145
157.175.169.150,80
8.219.229.53,3128
8.213.195.191,6379
107.181.161.81,4145
144.91.78.34,20269
103.75.117.79,80
177.104.87.23,5678
51.178.165.36,3128
162.220.246.26,6310
150.107.192.65,8080
45.166.93.113,999
43.153.71.78,19090
103.210.57.243,80
163.172.53.142,80
103.48.71.70,83
8.211.194.85,80
149.40.26.240,8080
154.79.254.236,32650
114.142.181.76,8080
192.111.129.150,4145
27.147.28.73,8080
178.128.167.129,1080
172.67.133.29,80
209.14.118.114,999
170.246.198.24,5678
34.126.187.77,80
27.223.85.74,48293
91.132.125.147,8085
209.141.58.213,5556
190.94.213.244,999
34.201.28.19,80
92.205.236.195,3128
8.213.197.208,9098
70.34.222.80,1080
142.93.100.82,8080
101.91.242.198,6688
13.223.96.140,80
146.103.3.38,7091
103.76.190.37,31756
85.217.192.39,4145
103.180.118.99,8044
121.200.60.122,4153
213.16.81.182,35559
193.216.224.108,8192
147.75.34.93,9400
89.41.106.8,4145
167.172.138.48,49167
3.227.13.139,80
32.223.6.94,80
68.183.65.150,8888
23.227.60.129,80
3.235.130.207,80
159.65.166.126,8118
134.19.254.2,21231
18.171.8.207,80
47.104.198.111,80
180.180.175.11,8080
3.231.160.216,80
47.90.167.27,9050
175.106.15.186,8080
47.254.36.213,8000
78.129.253.148,80
155.50.215.37,3128
97.74.87.85,3128
8.213.197.208,18080
187.32.20.249,5678
67.43.236.18,17781
3.237.194.96,80
77.105.137.42,8080
178.184.12.244,8081
106.240.89.60,4145
190.238.231.65,1994
184.170.251.30,11288
34.201.14.211,80
5.182.26.129,4145
185.51.92.108,51327
3.108.106.10,80
58.69.201.117,8082
167.160.40.182,10036
52.204.192.53,80
62.89.31.216,3629
92.45.19.35,5678
87.238.192.13,40280
61.7.183.24,4145
103.221.220.22,45069
204.199.140.23,999
202.29.226.134,32241
47.238.134.126,81
116.104.41.109,5000
103.109.57.226,5566
1.0.236.7,8081
178.236.112.175,5678
185.140.232.98,4145
82.146.37.145,80
47.74.46.81,11310
197.234.13.42,4145
45.82.65.67,32686
222.71.131.131,1080
221.134.152.75,7302
45.76.13.121,49995
84.241.188.138,8111
196.0.111.194,48009
44.196.57.6,80
119.17.204.225,1080
119.82.251.250,31678
219.93.101.62,80
8.215.15.163,8443
110.93.206.62,5678
167.71.228.152,29206
31.59.20.46,6624
103.174.102.127,80
88.135.210.179,8080
217.66.207.3,33333
177.93.44.53,999
34.43.88.51,3128
213.147.107.178,4153
44.193.29.134,80
138.94.92.26,7497
185.95.0.197,57032
190.225.164.15,33333
187.19.127.246,8011
8.35.211.5,80
200.85.52.254,5678
208.113.161.0,23089
177.10.201.170,45780
183.89.41.224,8080
38.56.70.97,999
47.74.46.81,98
44.195.22.104,80
101.51.121.29,4153
80.235.108.14,8080
151.232.18.66,5678
104.143.224.130,5991
162.241.129.84,36504
182.253.140.250,5678
47.113.221.120,3127
84.39.112.144,3128
13.51.162.56,8888
103.180.118.184,8080
103.233.103.237,4153
197.245.83.20,5678
44.213.147.162,80
171.80.186.146,3256
176.235.182.90,1080
64.49.37.99,8085
54.84.41.39,80
81.30.27.147,33333
24.75.156.114,3366
103.79.96.193,4153
78.39.177.76,8070
51.159.134.210,3128
192.252.208.67,14287
18.142.81.218,80
204.252.113.118,3129
167.250.141.73,8080
103.153.247.118,8387
115.239.234.43,7302
41.220.16.211,80
192.73.244.36,80
110.74.202.186,4153
103.189.235.233,1080
64.227.106.157,80
3.216.30.223,80
85.217.192.39,1414
147.75.34.105,443
202.51.196.226,8080
8.221.138.111,31433
43.162.118.156,80
8.213.156.191,85
197.234.13.20,4145
174.77.111.196,4145
104.156.225.134,10117
45.43.64.75,6333
146.83.118.9,80
58.137.174.101,8080
137.184.197.190,80
161.35.91.95,80
45.116.230.79,4673
164.138.205.70,8080
47.74.46.81,37777
31.206.38.46,37630
78.129.253.152,80
89.38.97.163,11123
78.130.246.65,1881
94.154.127.117,8085
45.43.81.89,5736
155.50.250.163,3128
103.87.81.86,5678
125.66.165.154,7302
181.209.106.190,1080
124.41.240.177,52480
39.102.208.149,8443
62.60.195.94,80
190.110.99.189,999
216.215.125.178,48324
47.91.29.151,9080
204.199.140.17,999
98.170.57.231,4145
71.223.13.111,8080
171.254.219.98,1080
159.223.32.95,8080
94.232.11.178,46449
213.142.156.97,80
43.247.13.234,5678
162.241.66.135,32850
216.26.244.34,3129
181.209.107.138,4153
218.75.69.50,56430
31.211.47.121,3128
13.220.25.238,80
31.214.171.62,3128
93.190.138.89,11030
61.7.147.227,4145
119.148.40.186,9990
154.12.255.155,53225
190.0.15.18,5678
31.58.18.250,6519
54.36.122.16,17188
100.36.158.82,8888
8.211.200.183,1080
35.209.198.222,80
139.162.78.109,8080
31.207.38.66,80
103.163.244.206,83
52.79.107.158,8080
8.142.3.145,3306
181.129.196.30,5678
8.211.194.78,143
34.75.202.63,80
200.33.20.25,80
44.193.8.182,80
44.200.210.72,80
184.181.217.213,4145
51.158.96.66,16379
47.238.128.246,8080
69.94.136.71,8443
184.181.217.206,4145
186.103.130.91,8080
31.59.15.78,6345
31.43.33.55,4153
204.10.182.34,39593
212.5.132.74,5678
103.174.122.197,8199
157.15.93.82,8080
8.213.222.247,3000
109.169.241.108,7788
91.238.105.64,2024
51.79.249.186,3128
102.211.216.18,8080
177.125.204.78,4145
213.165.185.211,4153
203.205.29.108,5678
61.111.38.5,80
43.153.81.60,443
175.110.113.241,32435
172.64.40.169,80
144.48.163.114,8080
65.111.22.66,3129
162.241.46.6,34295
103.227.186.68,6080
112.78.138.164,5678
197.234.13.91,4145
47.91.89.3,9050
138.68.235.51,80
47.130.173.17,80
104.18.21.45,80
138.186.222.129,5678
8.213.215.187,20002
141.147.33.121,80
8.220.204.92,443
27.75.147.72,1080
202.151.163.10,1080
202.70.80.153,5678
44.200.26.53,80
103.170.160.177,5678
195.110.59.82,80
104.16.1.82,80
50.199.46.20,32100
125.141.133.49,5566
192.99.244.173,15590
37.187.109.70,10111
217.23.2.4,11031
8.211.49.86,1080
31.179.162.78,4153
193.36.85.144,80
35.152.252.253,8080
103.176.96.243,1111
94.154.127.126,8085
71.19.249.97,8443
201.174.239.22,4153
82.132.19.108,4153
98.162.96.53,10663
44.204.211.121,80
102.209.79.230,8080
138.68.240.213,3128
203.76.98.21,45958
172.67.108.17,80
216.229.112.25,8080
31.28.4.192,80
124.225.159.213,38801
103.199.97.161,45804
46.30.45.211,80
45.136.244.245,44531
194.164.125.208,57422
51.158.124.167,16379
201.158.15.134,35010
182.16.171.65,51459
202.55.175.237,1080
103.146.137.93,1081
45.249.50.137,4153
194.233.78.142,42495
103.141.148.62,5678
193.122.105.251,65535
198.199.86.11,3128
184.178.172.14,4145
218.78.65.202,6688
34.203.202.172,8080
128.199.131.156,29717
103.95.13.37,80
156.239.49.84,3128
170.114.45.213,80
45.80.108.245,80
209.141.44.241,1080
93.123.98.80,5678
82.147.123.185,10808
138.186.155.1,1085
104.143.224.1,5862
92.241.87.14,5678
8.215.12.103,8011
177.234.192.45,32213
192.111.134.10,4145
98.175.31.195,4145
47.74.46.81,18080
34.80.202.6,3128
3.7.33.127,80
8.215.12.103,8445
103.172.71.204,1080
177.130.104.106,33333
8.211.195.173,10000
3.238.70.24,80
217.117.132.1,8080
102.0.8.23,8080
173.249.2.58,5964
117.198.221.34,4153
85.194.250.22,1080
35.153.126.10,80
72.195.114.184,4145
98.91.70.112,8080
12.50.107.221,80
91.150.189.122,60647
186.250.29.225,8080
103.155.64.47,8080
24.37.245.42,51056
117.141.96.35,4145
138.2.68.129,3128
8.220.204.92,9080
51.158.105.107,16379
119.29.84.133,20806
38.156.72.10,8080
169.239.45.51,4153
18.207.111.33,80
24.199.107.98,8080
41.33.145.219,1981
161.35.31.237,1080
45.135.139.106,6409
144.125.164.158,8080
65.108.103.19,80
159.223.93.121,3128
176.223.96.199,80
97.83.40.67,5678
85.193.191.199,8080
62.60.131.127,40000
184.181.217.210,4145
87.185.187.223,513
43.153.66.118,80
192.252.208.70,14282
34.87.84.105,80
217.145.199.47,56746
213.149.154.213,5678
70.166.167.55,57745
72.195.34.59,4145
181.174.231.30,999
178.255.44.60,58968
103.151.47.22,46889
185.79.243.74,5678
102.39.119.71,5678
47.251.73.54,9050
194.34.232.107,80
182.160.116.125,1088
222.234.52.105,80
24.230.33.96,3128
205.185.125.140,5556
44.211.119.241,80
154.38.189.6,10000
211.21.125.32,4153
123.182.233.70,7302
3.239.234.106,80
103.121.214.50,4145
125.228.94.153,4145
47.76.144.139,18080
146.103.56.205,5753
45.67.215.127,80
18.204.214.176,80
197.232.25.204,8080
205.185.114.78,5556
13.220.172.68,80
144.76.75.25,4444
46.47.197.210,3128
147.45.211.249,80
160.153.1.95,80
27.147.221.140,5678
44.222.142.202,80
5.95.121.180,4153
89.116.34.113,80
103.244.107.106,1080
44.211.245.239,80
103.97.94.22,4153
8.211.51.115,9098
167.98.100.170,31280
152.69.229.220,3128
5.182.5.116,11145
24.76.21.10,5678
102.213.248.38,8080
109.245.231.73,8192
54.91.38.222,80
8.210.31.241,1100
89.110.80.195,10149
103.200.135.228,4145
102.209.18.28,8080
62.12.146.142,3128
155.248.213.236,3128
8.211.49.86,7777
185.87.121.5,8975
180.180.216.90,5678
221.226.109.229,7302
103.57.80.94,4153
47.90.167.27,8443
51.158.105.157,16379
197.211.24.206,5678
107.181.154.142,5820
34.215.145.214,80
174.138.62.182,43715
38.51.207.184,999
45.87.140.155,8080
185.238.228.25,80
186.5.8.182,1994
36.89.251.210,5678
206.42.59.67,33333
103.82.157.102,8080
50.113.36.155,8080
188.42.88.183,80
103.196.7.38,4153
171.247.97.81,1080
106.0.168.138,8080
110.78.153.155,4145
103.163.51.254,80
138.197.203.84,59166
104.207.53.195,3129
72.10.160.91,28641
47.91.29.151,90
82.115.24.134,9090
36.64.62.111,5678
162.144.121.232,24787
61.216.156.222,60808
51.195.139.95,44648
37.59.50.81,5055
27.254.99.183,8118
123.200.6.58,5678
192.252.214.20,15864
5.19.101.163,33333
196.0.111.186,46048
178.128.157.114,443
83.234.76.155,4145
67.204.3.1,13135
95.143.190.56,11092
63.151.67.7,8080
31.220.4.240,18967
51.44.182.158,400
190.128.241.102,80
115.75.160.196,5678
44.197.113.23,80
91.107.155.161,80
103.230.126.123,19081
45.167.126.105,999
200.125.40.38,5678
181.209.78.18,1080
47.238.134.126,82
45.93.28.67,1337
23.251.62.210,10080
190.145.37.2,65409
80.78.64.70,4145
27.75.153.175,1080
209.97.150.167,3128
81.94.255.13,8080
138.124.49.149,10808
47.245.117.43,80
194.163.182.234,53941
210.95.145.226,3128
46.109.146.244,4145
152.228.212.223,29272
3.238.140.190,80
60.153.164.246,8080
100.20.97.226,80
162.220.246.137,6421
103.239.147.250,55438
103.153.232.41,8080
45.231.170.137,999
190.60.45.79,999
103.17.150.49,8080
44.200.212.140,80
195.140.226.32,5678
184.170.248.5,4145
47.252.18.37,20
178.171.107.86,5433
185.238.228.190,80
171.7.95.55,8080
34.200.233.91,80
8.211.200.183,1720
87.121.49.238,4145
192.158.15.201,50877
103.3.77.204,5678
92.118.132.125,8080
201.234.24.1,4153
94.182.177.92,80
44.203.209.118,80
184.181.217.220,4145
122.116.125.115,8888
200.105.192.6,5678
186.96.97.203,999
47.238.134.126,14
104.131.94.90,51346
45.128.133.209,1080
95.111.194.14,6045
78.47.103.89,8080
162.240.19.30,80
89.222.132.31,3629
46.171.28.162,59311
182.52.67.122,50801
57.128.163.242,8080
145.223.46.55,5605
176.112.96.2,3629
94.75.76.1,8080
47.91.89.3,115
65.0.57.2,3128
78.128.124.108,5678
199.102.105.242,4145
70.166.167.38,57728
212.119.236.86,1080
173.249.210.102,80
118.173.230.149,1080
122.52.196.36,8080
47.88.16.13,13579
186.211.2.54,4145
134.228.79.236,8080
3.237.178.148,80
8.213.215.187,3129
54.37.72.89,80
166.62.88.163,45842
64.20.43.89,1080
5.45.126.128,8080
179.1.110.77,5678
47.238.130.212,59394
113.161.145.229,4153
98.162.25.23,4145
112.2.21.18,51080
43.134.238.25,443
51.158.179.242,8080
41.162.162.142,4153
98.162.25.29,31679
186.97.198.18,5678
92.255.205.129,8080
156.67.172.185,3128
184.178.172.23,4145
72.49.49.11,31034
201.168.8.74,999
46.101.160.223,80
12.50.107.217,80
202.142.159.204,31026
47.238.60.156,4002
94.154.113.169,8085
47.74.46.81,8081
18.206.148.167,80
157.100.55.143,999
138.68.60.8,3128
213.222.34.200,4145
72.210.252.137,4145
118.174.52.122,5678
1.179.147.5,52210
31.59.33.175,6751
103.137.218.166,83
84.52.123.163,4145
92.205.110.118,26657
190.242.59.158,4145
103.38.103.18,1080
85.92.164.179,4145
38.156.72.22,9999
93.190.139.68,11057
45.95.203.213,4444
66.29.128.243,45155
145.40.97.148,443
72.221.171.135,4145
181.214.39.51,5719
183.110.216.128,8090
80.234.48.38,7788
203.189.159.241,1080
177.131.29.210,4153
8.213.128.6,999
125.228.94.199,4145
170.78.5.214,8080
103.155.54.26,83
220.67.2.2,80
8.213.128.6,8060
41.217.223.145,32650
95.128.137.159,65056
81.162.195.35,4153
47.119.22.92,9098
43.134.237.114,26322
38.127.179.125,46656
46.146.220.180,1080
190.153.22.149,999
46.254.240.106,43310
45.91.93.166,26649
195.246.54.31,8080
138.91.159.185,80
179.57.215.99,999
47.238.220.188,1011
120.26.52.35,3333
89.46.249.252,8765
165.227.131.73,80
13.222.106.168,80
18.232.146.230,80
89.58.55.33,80
84.53.245.42,41258
31.13.239.4,5678
143.110.217.153,1080
47.237.92.86,9080
195.219.98.27,5678
72.10.160.92,5449
68.71.249.153,48606
23.249.27.167,10808
91.243.192.17,3629
109.232.106.150,52435
187.32.246.82,3128
80.208.227.131,8080
103.66.233.161,4145
46.105.35.193,8080
51.15.211.42,16379
103.195.100.154,8080
68.71.247.130,4145
8.215.15.163,6379
3.239.38.99,80
176.98.40.209,80
103.1.105.10,4153
177.91.255.35,5678
175.208.236.55,8007
60.54.19.45,1080
27.72.139.10,5657
217.182.183.154,7497
50.193.36.173,8080
72.10.160.174,10301
202.4.125.221,1088
47.89.159.212,993
202.140.62.212,8080
45.80.111.163,80
72.206.181.105,64935
112.118.125.245,8080
116.237.114.4,5678
64.225.8.115,9994
159.69.214.139,3128
159.69.31.188,40424
34.81.160.132,80
104.16.1.250,80
106.40.241.182,38801
152.230.215.123,80
186.155.230.114,999
156.200.116.71,1981
47.89.159.212,8010
77.110.102.239,80
141.193.213.234,80
142.147.114.50,8080
203.243.63.16,80
146.59.18.246,56645
120.26.104.146,8080
211.230.49.122,3128
190.113.40.202,999
83.171.252.150,8080
36.37.244.41,5678
84.236.185.247,61710
94.232.11.178,58028
89.39.107.24,11032
168.227.158.41,4145
192.81.128.182,8089
131.221.233.11,4153
94.154.127.147,8085
204.217.129.117,5433
115.147.254.250,8082
199.66.157.89,8080
203.205.34.58,5678
88.198.165.115,48139
5.78.44.6,8080
87.120.166.178,8080
62.74.223.178,33333
198.105.100.91,6342
51.89.71.175,80
103.234.31.254,8080
182.16.240.49,30617
213.6.155.9,19000
104.248.197.67,1080
136.239.209.125,8080
47.254.198.237,3128
185.86.5.162,8975
193.25.121.222,8080
146.190.84.209,64834
81.10.234.234,80
121.132.61.211,3128
197.248.75.221,8105
118.70.211.121,60606
76.81.6.107,31008
80.78.74.66,65530
209.141.62.12,5555
85.221.249.213,8080
188.93.213.242,1080
104.19.33.34,80
47.76.144.139,59394
8.148.23.165,21025
179.1.133.33,999
41.86.252.91,443
103.97.140.157,1080
103.157.224.1,5678
184.170.245.148,4145
45.188.223.229,8080
178.45.73.35,7788
91.214.62.121,8053
194.186.127.60,80
202.40.181.220,31247
142.54.239.1,4145
62.210.215.36,80
72.221.232.152,4145
80.193.50.189,40004
221.132.18.38,80
74.119.144.60,4145
188.95.20.139,5678
8.209.96.245,3129
201.234.24.89,4153
46.0.203.186,8080
8.213.222.157,8443
44.193.205.195,80
8.211.200.183,3129
103.102.85.1,8080
140.206.81.178,1080
185.194.140.155,80
103.169.38.242,8080
87.229.205.227,8080
142.11.222.22,80
185.118.155.202,8080
139.144.180.43,80
85.143.70.36,80
181.65.169.35,999
92.42.8.22,4153
47.251.87.199,312
49.0.1.43,8080
201.65.173.179,8080
35.88.74.245,80
163.172.171.22,16379
36.95.56.58,5678
103.134.242.121,8080
108.161.128.43,80
8.213.215.187,8008
45.43.81.149,5796
8.221.138.111,100
138.186.155.2,1085
172.93.187.26,80
44.201.12.233,80
181.143.143.125,999
177.93.77.10,4153
103.191.165.45,1080
68.183.143.134,80
46.101.92.46,3128
35.202.49.74,80
200.251.41.61,8002
8.213.134.213,443
177.200.82.190,5678
203.192.217.6,8080
217.69.121.84,5749
103.127.204.116,27416
113.161.254.4,1080
123.253.124.28,5678
47.251.87.199,3129
94.23.149.39,8444
201.46.29.115,5678
39.104.59.56,80
5.189.129.186,48229
8.213.128.6,3132
136.233.136.41,48976
205.240.77.164,4145
109.197.55.234,1080
24.249.199.4,4145
167.172.253.162,4857
139.59.1.14,1080
1.0.136.138,4145
8.211.195.173,55555
196.29.231.1,4145
119.95.174.163,8082
190.121.4.157,999
184.178.172.5,15303
45.32.169.213,61790
77.91.74.77,80
34.135.166.24,80
202.154.191.59,4145
60.190.195.146,10800
39.102.213.187,8085
47.254.36.213,5060
47.237.107.41,1337
37.187.88.32,8001
176.236.37.132,1080
181.129.74.58,30431
145.223.46.167,5717
52.58.217.247,80
201.76.9.115,8080
47.90.167.27,1080
178.151.134.232,5678
43.228.95.138,5678
65.169.38.73,26592
89.38.96.110,11284
198.98.49.113,30228
46.227.36.152,1080
67.225.243.221,63809
103.48.68.170,83
192.111.139.162,4145
101.109.245.200,4153
45.115.1.14,5678
179.1.192.17,999
115.127.31.66,8080
178.132.2.28,19903
45.187.76.2,3629
121.13.252.62,61401
23.94.47.24,32129
119.237.43.106,80
8.211.194.85,4002
141.94.195.25,22563
175.139.200.17,4153
196.223.129.21,80
188.247.39.14,43032
213.143.113.82,80
8.213.156.191,8085
187.49.176.141,8080
46.146.210.123,1080
46.146.204.175,1080
46.23.141.142,5678
170.114.45.226,80
104.167.6.218,80
91.205.41.109,52606
47.74.157.194,80
8.213.128.6,800
93.190.140.42,11198
47.91.121.127,8888
8.213.128.6,8989
91.121.48.221,38711
103.116.145.67,33333
45.187.71.208,5678
181.212.45.226,8080
65.108.203.35,28080
47.238.130.212,9080
192.3.158.4,32269
3.235.160.183,80
8.213.222.247,6379
89.46.249.170,12345
20.187.77.5,80
209.97.150.167,8080
178.49.22.23,1080
102.219.209.86,3346
31.129.147.102,1080
114.141.51.51,8080
52.201.85.24,80
192.214.193.136,8080
47.88.104.126,3344
39.102.214.192,10000
102.0.0.118,80
105.214.82.133,5678
72.195.101.99,4145
45.162.135.201,999
85.228.42.230,4153
98.178.72.30,4145
62.112.9.143,11120
82.69.16.184,80
182.72.118.37,80
106.245.183.58,4145
198.27.82.161,9050
198.8.94.170,4145
13.36.243.194,8072
47.91.29.151,4145
190.220.25.42,4153
14.224.57.211,8080
80.63.107.90,4153
72.210.252.134,46164
8.210.4.18,7779
98.92.97.89,80
185.32.4.65,4153
3.237.201.45,80
91.107.138.98,2255
125.228.94.232,4145
27.147.222.248,8080
201.244.16.139,999
47.89.159.212,137
103.79.96.217,4153
177.184.199.36,80
143.42.194.37,3128
150.136.120.240,3128
8.220.204.215,18080
47.238.128.246,17
44.214.119.255,80
162.55.8.72,26379
35.185.254.159,80
103.140.205.201,1080
80.91.125.238,8089
47.82.117.31,1011
110.243.10.155,9999
88.213.214.254,4145
44.192.87.195,80
18.196.66.253,80
195.138.90.226,3128
144.91.106.93,3128
197.232.47.122,5678
71.60.160.245,80
20.81.205.173,80
185.200.37.98,8080
185.89.156.130,5678
202.146.228.254,8088
34.201.24.150,80
103.199.97.129,39825
45.119.113.81,83
103.159.219.50,5678
47.251.74.38,5060
41.169.151.154,4153
8.213.222.247,5060
45.162.225.114,59341
203.153.125.13,65424
205.185.126.15,5556
31.217.213.227,8090
66.128.170.99,80
200.32.105.86,4153
47.251.74.38,8047
38.54.101.90,80
3.130.228.7,80
103.86.194.246,4145
41.93.71.21,80
184.178.172.26,4145
45.230.169.5,999
44.220.170.97,80
45.174.248.1,999
115.85.74.114,5678
170.254.230.201,999
82.118.22.166,36738
179.96.28.58,80
98.84.42.232,80
8.213.222.247,15
65.108.203.36,28080
51.83.184.241,9191
78.29.46.43,1080
47.74.46.81,9080
138.68.60.8,8080
103.106.236.200,5678
5.75.155.221,8888
103.139.246.166,5678
221.120.218.188,5678
103.167.31.155,8080
103.111.22.65,58563
199.58.184.97,4145
41.216.186.250,4153
171.238.90.238,1040
194.31.64.39,6019
170.239.207.241,999
185.200.38.142,8080
61.171.50.169,6688
115.127.105.163,6699
109.110.78.70,5678
201.217.51.9,4145
31.128.248.1,1080
46.107.230.122,1080
8.210.17.35,8445
45.43.70.86,6373
77.242.177.57,3128
181.229.38.117,5678
98.181.137.83,4145
131.196.180.1,4153
45.80.110.15,80
104.16.1.236,80
1.179.194.137,4153
185.103.134.36,8080
160.16.105.145,8080
190.128.228.182,80
98.92.111.100,80
18.215.188.70,80
188.126.85.122,8080
185.132.1.221,4145
202.43.122.156,1111
47.250.56.98,19190
122.248.46.26,4145
86.100.63.127,4145
27.77.229.208,1080
203.210.235.91,5678
110.78.148.57,4145
3.6.220.80,80
103.174.178.145,2005
34.29.41.58,3128
107.172.217.247,42311
185.244.208.193,37430
149.202.172.113,80
45.43.81.95,5742
107.174.121.140,3128
103.233.103.241,4153
170.114.46.130,80
14.241.80.37,8080
8.211.51.115,10
212.174.242.114,8080
47.76.144.139,9080
103.81.117.225,4153
38.183.144.18,1080
8.211.51.115,8889
212.31.100.138,4153
38.156.73.51,8080
67.43.228.251,18959
168.194.224.36,4153
137.74.173.77,33611
141.136.42.164,80
41.254.53.70,1981
91.151.88.220,6618
103.78.170.13,83
44.220.71.119,80
190.144.224.182,44550
78.131.57.23,8080
23.247.136.254,80
98.162.96.41,4145
77.238.79.111,8080
112.86.116.24,1080
54.183.194.246,80
103.214.156.40,5678
81.12.157.98,5678
18.196.224.22,80
159.65.188.178,53257
38.54.71.67,80
24.78.155.155,9090
192.200.160.252,80
218.236.166.96,8888
103.82.11.233,4153
190.114.253.210,3389
206.220.175.2,4145
194.31.53.250,80
213.168.210.76,80
146.103.56.121,5669
212.115.232.79,10800
67.205.153.110,51528
134.209.29.120,80
3.65.76.181,80
176.74.193.6,36918
213.198.133.231,1080
178.215.163.218,4145
154.113.17.107,5678
8.222.151.218,5566
85.143.254.38,1080
23.236.65.229,8888
170.233.193.129,999
80.74.54.148,3128
39.102.213.213,8089
45.138.69.27,20000
103.189.63.149,53053
89.43.10.141,80
45.43.64.145,6403
104.16.0.82,80
62.60.151.128,80
98.188.47.150,4145
103.149.130.38,80
107.181.148.70,5930
51.222.155.142,80
178.162.244.135,8080
46.99.210.63,3629
142.54.226.214,4145
204.93.169.232,60755
184.178.172.17,4145
160.20.165.242,8080
77.110.122.229,8080
103.143.116.44,35010
185.79.243.153,38431
187.141.184.235,8080
202.162.214.250,3128
157.20.244.242,8080
47.238.60.156,18080
193.105.62.11,58973
171.234.50.255,5516
103.146.185.63,1081
192.252.220.92,17328
115.75.99.65,4153
157.230.191.76,56996
45.61.187.67,4007
176.105.220.74,3129
196.1.95.124,80
188.169.84.30,5678
118.67.220.225,4145
89.250.65.171,26897
93.115.18.235,9050
43.207.128.251,8080
46.146.220.247,1080
47.91.29.151,194
47.251.87.74,8008
176.74.197.163,36918
183.89.249.192,4153
46.37.193.234,33333
44.192.85.169,80
177.38.245.106,55713
190.225.148.49,3128
3.239.197.246,80
92.86.92.126,42740
103.149.194.40,32650
102.211.145.161,8081
47.237.113.119,18081
116.118.48.208,35050
125.25.40.38,8080
51.178.183.247,58088
170.238.239.71,60606
116.130.233.22,3129
114.4.200.222,5678
181.204.106.99,999
181.129.43.3,8080
45.173.12.141,1994
95.216.49.153,80
95.217.137.46,8080
34.216.212.51,80
181.214.39.72,5719
103.253.153.242,41762
36.66.111.81,1080
222.255.238.159,80
51.75.202.177,8493
171.234.50.112,5508
174.64.199.79,4145
46.29.116.3,4145
41.86.46.112,8080
82.165.202.246,80
172.238.22.205,80
5.231.204.52,80
181.49.100.19,8080
115.76.205.100,24258
44.200.254.29,80
168.138.147.179,3128
78.135.105.217,50504
139.5.64.108,80
64.227.108.25,31908
185.14.47.52,16088
117.202.20.70,1088
39.102.214.152,9098
98.80.179.98,80
145.239.254.55,58488
149.56.13.7,20124
103.174.178.137,1020
159.192.97.129,5678
80.190.83.66,8080
172.232.4.168,80
181.205.41.210,7654
8.220.204.92,3129
85.198.108.224,15987
115.127.62.50,1088
8.211.194.78,8008
44.203.215.34,80
34.111.135.19,80
51.15.210.79,16379
213.14.31.123,35314
190.58.248.86,80
27.34.242.98,80
151.22.181.205,8080
74.119.147.209,4145
203.150.128.210,5678
180.180.218.250,8080
202.62.67.209,53281
36.64.27.123,5678
54.147.116.145,80
52.191.208.232,80
94.102.193.91,8080
36.64.5.162,5678
103.134.214.130,1648
45.70.236.194,999
82.206.131.58,10801
62.99.135.51,80
8.220.205.172,1081
170.106.117.131,19221
61.160.66.130,5555
44.215.111.126,80
41.215.33.186,15808
139.5.73.71,8080
94.231.192.97,8080
115.79.70.69,8470
85.172.66.254,1099
185.97.114.179,3629
220.81.123.23,48678
217.115.213.187,4145
103.101.218.113,8080
112.221.46.117,4153
82.165.20.115,80
166.62.35.102,45775
47.91.89.3,6379
84.241.8.234,8080
170.239.207.179,999
175.144.198.226,31694
188.133.160.22,4145
64.225.4.63,9993
43.153.177.147,443
156.38.112.11,80
175.139.179.65,42580
13.200.61.219,80
3.24.113.115,80
80.191.40.41,5678
212.156.217.147,4153
176.61.151.123,80
197.221.240.240,80
31.59.33.20,6596
61.130.151.230,7302
193.243.154.146,4145
184.170.249.65,4145
107.181.154.84,5762
91.203.114.71,42905
81.196.53.88,80
154.79.242.178,10801
191.97.16.160,999
196.204.24.251,8080
92.42.108.25,12472
103.12.246.49,4145
95.70.220.173,4153
91.200.114.58,55749
45.238.57.1,3629
18.206.45.67,80
179.1.126.78,999
109.169.153.79,7788
130.131.155.173,80
98.92.215.181,80
185.95.227.244,4145
41.21.182.179,5678
200.35.34.131,999
54.236.37.23,80
185.112.224.151,1080
54.186.151.40,80
180.191.59.41,51804
14.234.141.1,20499
147.91.22.15,80
138.68.21.132,45793
47.91.121.127,8080
8.213.128.6,1337
103.17.90.6,5678
188.65.89.225,80
89.46.249.248,25585
79.120.9.143,7777
222.223.112.59,10800
90.84.17.133,3128
95.165.163.188,36496
44.193.201.177,80
171.254.219.189,1080
205.185.126.51,5556
142.54.237.34,4145
185.162.231.88,80
36.37.189.64,5678
45.119.113.65,83
8.210.17.35,8001
38.194.246.34,999
186.190.228.83,4153
139.255.94.123,57853
82.115.25.50,80
8.213.195.191,18080
178.95.181.82,33333
141.94.254.138,26353
87.98.173.34,80
192.111.137.34,18765
41.139.234.127,8080
170.254.175.209,4153
119.93.122.233,4145
213.6.38.50,59422
203.202.253.186,58309
155.50.241.99,3128
72.217.216.239,4145
45.59.186.60,80
147.161.171.5,10230
45.15.10.174,3128
51.210.43.253,7497
143.198.197.247,7777
185.133.239.244,16299
91.232.105.67,11010
206.81.31.215,80
82.210.56.251,80
45.231.221.193,999
202.131.235.138,4153
44.200.15.187,80
200.24.130.138,999
167.71.241.136,33299
190.216.56.1,4153
72.10.160.92,30095
204.199.140.15,999
144.124.227.90,10808
67.22.28.62,8080
8.211.195.173,18080
8.209.96.245,7070
89.208.104.34,3128
91.107.86.207,3141
146.103.56.9,5557
154.31.115.210,80
115.127.34.26,1088
149.126.101.162,8080
117.54.114.102,80
213.226.11.149,59086
50.255.17.229,32100
1.2.252.65,8080
103.60.214.18,51754
103.76.149.140,1080
104.37.175.200,22292
8.35.211.30,80
83.221.209.221,1080
91.232.105.69,11224
178.44.99.64,7788
106.14.104.220,5060
104.207.52.123,3129
44.250.85.22,80
13.222.138.199,80
142.54.232.6,4145
152.53.168.53,22989
3.235.55.87,80
14.241.241.185,4145
103.42.28.27,45787
216.68.128.121,4145
101.109.76.109,4145
195.154.43.198,39522
149.202.94.235,9061
31.58.32.125,6704
59.153.100.98,80
45.249.78.25,83
117.4.107.199,51796
13.220.44.104,80
190.119.160.26,56160
170.233.30.33,4153
31.131.199.127,3629
3.237.171.234,80
155.50.209.50,3128
62.87.154.36,80
43.159.198.87,7890
51.15.223.12,16379
162.43.73.18,8080
47.254.36.213,123
104.236.114.255,25466
95.173.218.77,8081
77.89.249.202,8080
109.248.236.150,60606
202.178.120.30,1080
68.71.254.6,4145
103.112.55.166,1088
12.158.87.26,39593
103.162.184.251,1088
200.43.231.17,4145
8.220.205.172,9080
190.2.210.115,999
200.85.232.91,3128
3.221.158.49,80
165.227.66.216,33636
103.157.79.82,1111
68.183.55.211,37775
51.68.83.188,16977
95.178.108.189,5678
91.109.204.213,80
8.220.204.215,9200
150.230.59.34,8080
43.153.97.127,24067
45.249.78.193,3629
88.255.218.79,8080
8.213.215.187,3128
14.207.161.107,4153
202.136.89.134,11311
8.242.178.5,999
197.221.234.253,80
47.90.149.238,6379
149.20.253.107,12551
3.214.144.159,80
24.249.199.12,4145
85.199.71.66,8080
3.228.9.254,80
45.70.4.89,8081
208.102.51.6,58208
189.50.138.10,5678
168.194.226.178,4153
177.136.32.202,54443
143.198.135.176,80
47.100.207.117,8080
187.95.34.36,4145
83.217.162.15,80
98.162.25.4,31654
176.126.103.194,44214
43.243.172.186,83
46.209.54.102,8080
109.62.204.164,8080
212.227.65.114,80
89.188.242.243,80
185.51.92.84,51327
72.10.160.90,6227
190.61.88.147,8080
121.43.109.88,1111
13.223.246.195,80
103.165.64.74,82
177.234.192.47,32213
45.61.187.67,4009
125.141.139.198,5566
37.44.238.2,52611
177.55.191.22,60606
8.213.128.6,83
36.92.87.73,5678
5.161.155.252,80
46.62.254.141,80
111.68.31.134,40385
50.236.148.246,31699
66.135.227.178,4145
115.144.8.91,80
217.162.8.134,80
85.238.74.91,8080
174.126.217.110,80
179.40.75.1,61362
89.116.121.201,9051
73.193.27.2,80
202.131.159.222,1111
201.71.144.98,8080
188.40.158.211,1088
113.53.29.228,13629
41.139.166.117,8080
50.235.92.65,32100
115.164.146.10,5678
185.203.117.35,8080
103.69.243.162,43826
45.238.12.4,3128
187.60.67.218,5678
5.133.219.4,63434
8.221.138.111,8072
8.211.200.183,80
198.89.91.42,5678
103.138.123.65,8090
13.238.97.27,80
181.120.28.228,80
185.118.51.230,3128
217.197.151.182,5678
8.213.195.191,10000
195.123.210.133,16733
172.64.144.4,80
181.209.106.187,1080
24.172.34.114,49920
213.248.39.166,4153
96.126.123.196,62771
138.97.117.181,35010
160.3.168.70,8080
15.207.217.145,80
157.66.20.96,8090
122.252.179.66,5678
47.252.11.233,5060
103.105.40.1,4145
186.235.123.3,8080
146.103.56.84,5632
44.193.206.182,80
180.180.171.113,4145
90.156.169.163,80
95.216.230.239,80
167.99.174.59,80
59.45.13.219,3629
45.133.39.1,1080
109.236.93.35,11036
98.80.178.46,80
47.91.29.151,81
181.209.106.186,1080
204.199.139.120,999
202.141.242.3,55544
186.96.124.242,4153
89.39.114.31,4153
47.250.155.254,8004
40.192.14.136,9292
40.172.124.125,80
176.74.192.44,24822
45.234.100.102,1080
184.178.172.3,4145
146.59.243.214,80
79.106.170.126,4145
8.213.156.191,194
147.75.34.93,10006
72.167.45.178,55176
202.138.242.6,38373
170.64.233.94,8080
198.105.100.215,6466
103.6.177.174,8002
105.214.69.143,5678
117.251.103.186,8080
72.221.196.157,35904
120.77.203.0,443
154.17.224.118,80
77.192.165.202,5678
104.252.136.213,7130
51.15.252.246,16379
201.190.237.234,80
200.54.194.13,53281
14.207.24.176,8080
172.64.69.124,80
35.175.118.121,80
13.80.134.180,80
8.213.197.208,8001
110.78.146.136,8080
8.215.12.103,82
96.70.52.227,48324
112.226.121.65,18186
212.231.197.29,4145
81.16.1.71,5678
8.211.195.139,202
181.115.207.115,1080
3.12.178.169,80
122.160.30.99,80
8.221.138.111,1080
49.207.177.65,5678
50.203.147.154,80
20.205.115.87,8080
118.174.209.75,4145
165.225.222.44,10981
8.209.96.245,6379
31.59.20.245,6823
213.250.198.66,4145
201.182.251.142,999
51.103.16.153,80
8.213.128.6,50001
3.231.214.107,80
8.212.177.126,8080
103.82.8.197,4153
41.57.136.174,8080
103.209.230.253,4153
174.138.119.88,80
194.156.74.84,9999
213.7.196.26,4153
8.211.195.173,28737
188.132.221.189,8080
205.185.116.159,5556
44.199.244.184,80
128.199.142.101,14061
159.69.125.118,80
34.239.228.69,80
213.171.214.19,8001
8.211.194.85,10000
