dest_ip,metadata_comment
2a06:de05:61ab::/48,AS53667 IPv6
2a06:de05:621a::/48,AS53667 IPv6
23.183.82.0/24,AS53667 IPv4
2a06:de05:6312::/48,AS53667 IPv6
104.244.73.0/24,AS53667 IPv4
2a06:de05:62a4::/48,AS53667 IPv6
107.189.28.0/24,AS53667 IPv4
107.189.12.0/24,AS53667 IPv4
2a06:de05:621c::/48,AS53667 IPv6
167.88.161.0/24,AS53667 IPv4
2a06:de05:630e::/48,AS53667 IPv6
2a06:de05:61ff::/48,AS53667 IPv6
2605:6400:30::/48,AS53667 IPv6
2a06:de05:616c::/48,AS53667 IPv6
198.251.88.0/24,AS53667 IPv4
2a0f:9400:6904::/48,AS53667 IPv6
104.244.72.0/21,AS53667 IPv4
2a06:de05:60f9::/48,AS53667 IPv6
2a06:de05:61e6::/48,AS53667 IPv6
198.251.89.0/24,AS53667 IPv4
2a06:de05:62b4::/48,AS53667 IPv6
2a06:de05:61b5::/48,AS53667 IPv6
2a06:de05:60bc::/48,AS53667 IPv6
2a06:de05:60f0::/48,AS53667 IPv6
2605:6400:20::/48,AS53667 IPv6
2a06:de05:607d::/48,AS53667 IPv6
2a06:de05:61f4::/48,AS53667 IPv6
2a06:de05:6339::/48,AS53667 IPv6
2a06:de05:632f::/48,AS53667 IPv6
2a06:de05:6377::/48,AS53667 IPv6
199.19.224.0/22,AS53667 IPv4
45.61.176.0/21,AS53667 IPv4
2a06:de05:60e6::/48,AS53667 IPv6
107.189.0.0/24,AS53667 IPv4
198.251.81.0/24,AS53667 IPv4
2a06:de05:60f3::/48,AS53667 IPv6
2a06:de05:604b::/48,AS53667 IPv6
2a06:de05:6224::/48,AS53667 IPv6
2a06:de05:62f9::/48,AS53667 IPv6
2a06:de05:63a7::/48,AS53667 IPv6
2a06:de05:61e1::/48,AS53667 IPv6
2605:6400:4000::/34,AS53667 IPv6
2605:6400:1001::/48,AS53667 IPv6
198.251.90.0/24,AS53667 IPv4
23.183.80.0/24,AS53667 IPv4
2604:4d40:2000::/36,AS53667 IPv6
2605:6400:c000::/34,AS53667 IPv6
2a06:de05:6279::/48,AS53667 IPv6
2605:6400:8000::/34,AS53667 IPv6
2a06:de05:636f::/48,AS53667 IPv6
2a06:de05:637a::/48,AS53667 IPv6
2a06:de05:60a7::/48,AS53667 IPv6
2a06:de05:6242::/48,AS53667 IPv6
2a06:de05:6296::/48,AS53667 IPv6
2a06:de05:6342::/48,AS53667 IPv6
2a06:de05:6243::/48,AS53667 IPv6
23.183.83.0/24,AS53667 IPv4
2a06:de05:613e::/48,AS53667 IPv6
2a06:de05:62ca::/48,AS53667 IPv6
2a14:7581:d103::/48,AS53667 IPv6
2a06:de05:61cb::/48,AS53667 IPv6
2a06:de05:618c::/48,AS53667 IPv6
2a06:de05:638f::/48,AS53667 IPv6
45.59.127.0/24,AS53667 IPv4
104.244.72.0/24,AS53667 IPv4
2a06:de05:6353::/48,AS53667 IPv6
2a06:de05:6016::/48,AS53667 IPv6
2a06:de05:6394::/48,AS53667 IPv6
2a06:de05:631d::/48,AS53667 IPv6
2a06:de05:6240::/48,AS53667 IPv6
2a06:de05:6307::/48,AS53667 IPv6
2a06:de05:62e5::/48,AS53667 IPv6
198.98.48.0/20,AS53667 IPv4
2a06:de05:6301::/48,AS53667 IPv6
2a06:de05:637b::/48,AS53667 IPv6
2a06:de05:63cb::/48,AS53667 IPv6
2a14:7581:d104::/48,AS53667 IPv6
2a06:de05:6112::/48,AS53667 IPv6
107.189.28.0/23,AS53667 IPv4
198.251.82.0/24,AS53667 IPv4
2a06:de05:6064::/48,AS53667 IPv6
2a06:de05:6235::/48,AS53667 IPv6
2a06:de05:6309::/48,AS53667 IPv6
2a06:de05:622e::/48,AS53667 IPv6
2a06:de05:6393::/48,AS53667 IPv6
2a06:de05:629d::/48,AS53667 IPv6
104.244.79.0/24,AS53667 IPv4
2a06:de05:616b::/48,AS53667 IPv6
2a06:de05:634a::/48,AS53667 IPv6
2a06:de05:6057::/48,AS53667 IPv6
2a06:de05:62b1::/48,AS53667 IPv6
2a06:de05:63a5::/48,AS53667 IPv6
2a06:de05:635a::/48,AS53667 IPv6
2a06:de05:609d::/48,AS53667 IPv6
2a06:de05:62f0::/48,AS53667 IPv6
2a06:de05:62ff::/48,AS53667 IPv6
104.244.77.0/24,AS53667 IPv4
2a06:de05:6266::/48,AS53667 IPv6
2a06:de05:6378::/48,AS53667 IPv6
2a06:de05:631a::/48,AS53667 IPv6
209.141.32.0/19,AS53667 IPv4
2a06:de05:6119::/48,AS53667 IPv6
2605:6400:300::/48,AS53667 IPv6
2a06:de05:6205::/48,AS53667 IPv6
2a06:de05:617e::/48,AS53667 IPv6
45.59.122.0/24,AS53667 IPv4
2a06:de05:6247::/48,AS53667 IPv6
2a06:de05:62cf::/48,AS53667 IPv6
2a06:de05:62d1::/48,AS53667 IPv6
2a06:de05:63b7::/48,AS53667 IPv6
2a06:de05:63f1::/48,AS53667 IPv6
2a06:de05:609f::/48,AS53667 IPv6
2a06:de05:6338::/48,AS53667 IPv6
2a06:de05:62e6::/48,AS53667 IPv6
45.61.184.0/22,AS53667 IPv4
2a06:de05:618e::/48,AS53667 IPv6
209.141.38.0/24,AS53667 IPv4
2a06:de05:628f::/48,AS53667 IPv6
2605:6404::/32,AS53667 IPv6
2a06:de05:633a::/48,AS53667 IPv6
2a06:de05:6123::/48,AS53667 IPv6
2a06:de05:6001::/48,AS53667 IPv6
2a06:de05:615f::/48,AS53667 IPv6
2605:6400:40::/48,AS53667 IPv6
45.59.124.0/24,AS53667 IPv4
45.59.125.0/24,AS53667 IPv4
2a06:de05:6359::/48,AS53667 IPv6
2a06:de05:6381::/48,AS53667 IPv6
199.195.248.0/21,AS53667 IPv4
2a06:de05:611e::/48,AS53667 IPv6
2a06:de05:61f0::/48,AS53667 IPv6
45.59.113.0/24,AS53667 IPv4
2a06:de05:60ca::/48,AS53667 IPv6
2a06:de05:61a3::/48,AS53667 IPv6
2a06:de05:62e4::/48,AS53667 IPv6
2a06:de05:6164::/48,AS53667 IPv6
2a06:de05:6333::/48,AS53667 IPv6
2a06:de05:61c6::/48,AS53667 IPv6
2a06:de05:60de::/48,AS53667 IPv6
2a06:de05:6329::/48,AS53667 IPv6
2a06:de05:627b::/48,AS53667 IPv6
198.251.80.0/24,AS53667 IPv4
2a06:de05:63f4::/48,AS53667 IPv6
45.59.119.0/24,AS53667 IPv4
2a06:de05:6161::/48,AS53667 IPv6
2a06:de05:624e::/48,AS53667 IPv6
107.189.1.0/24,AS53667 IPv4
2605:6400:1::/48,AS53667 IPv6
107.189.30.0/24,AS53667 IPv4
2605:6400:1004::/48,AS53667 IPv6
2a06:de05:6110::/48,AS53667 IPv6
2a06:de05:6358::/48,AS53667 IPv6
2605:6400:1003::/48,AS53667 IPv6
2a06:de05:61e2::/48,AS53667 IPv6
104.244.78.0/24,AS53667 IPv4
205.185.112.0/20,AS53667 IPv4
2a06:de05:6170::/48,AS53667 IPv6
2a06:de05:6082::/48,AS53667 IPv6
2a06:de05:610b::/48,AS53667 IPv6
2a06:de05:638d::/48,AS53667 IPv6
2a06:de05:63a4::/48,AS53667 IPv6
2a06:de05:61a5::/48,AS53667 IPv6
2a06:de05:62f8::/48,AS53667 IPv6
2a06:de05:6104::/48,AS53667 IPv6
2a06:de05:6264::/48,AS53667 IPv6
2a06:de05:62ab::/48,AS53667 IPv6
2a06:de05:63d5::/48,AS53667 IPv6
2a06:de05:63da::/48,AS53667 IPv6
2a06:de05:616f::/48,AS53667 IPv6
2a06:de05:63db::/48,AS53667 IPv6
2605:6400:1002::/48,AS53667 IPv6
2a06:de05:6397::/48,AS53667 IPv6
45.59.123.0/24,AS53667 IPv4
2a06:de05:6150::/48,AS53667 IPv6
107.189.13.0/24,AS53667 IPv4
2a06:de05:620f::/48,AS53667 IPv6
2a06:de05:6199::/48,AS53667 IPv6
2a06:de05:62d9::/48,AS53667 IPv6
2a06:de05:618f::/48,AS53667 IPv6
45.59.117.0/24,AS53667 IPv4
2a06:de05:602d::/48,AS53667 IPv6
2a06:de05:6368::/48,AS53667 IPv6
2a06:de05:6362::/48,AS53667 IPv6
2a06:de05:6050::/48,AS53667 IPv6
2602:2b7:c44::/48,AS53667 IPv6
2a06:de05:626e::/48,AS53667 IPv6
2a06:de05:60ce::/48,AS53667 IPv6
2a06:de05:6233::/48,AS53667 IPv6
2a06:de05:62c5::/48,AS53667 IPv6
45.61.191.0/24,AS53667 IPv4
2a06:de05:6117::/48,AS53667 IPv6
205.185.112.0/24,AS53667 IPv4
2a06:de05:61ca::/48,AS53667 IPv6
2a06:de05:60dc::/48,AS53667 IPv6
2a06:de05:60ef::/48,AS53667 IPv6
2605:6400:9001::/48,AS53667 IPv6
2a06:de05:63e4::/48,AS53667 IPv6
2a0f:9400:6a80::/48,AS53667 IPv6
2a06:de05:6345::/48,AS53667 IPv6
198.251.86.0/24,AS53667 IPv4
23.183.81.0/24,AS53667 IPv4
2a06:de05:6274::/48,AS53667 IPv6
2602:fcd3:107::/48,AS53667 IPv6
2a06:de05:603b::/48,AS53667 IPv6
107.189.9.0/24,AS53667 IPv4
2a06:de05:61f9::/48,AS53667 IPv6
2605:6400:2::/48,AS53667 IPv6
2a06:de05:6305::/48,AS53667 IPv6
2a06:de05:6067::/48,AS53667 IPv6
2a06:de05:6019::/48,AS53667 IPv6
2a06:de05:605e::/48,AS53667 IPv6
2605:6400:9002::/48,AS53667 IPv6
2a06:de05:6204::/48,AS53667 IPv6
2a06:de05:604c::/48,AS53667 IPv6
107.189.8.0/22,AS53667 IPv4
2a06:de05:6126::/48,AS53667 IPv6
2a06:de05:62b6::/48,AS53667 IPv6
2a06:de05:63a2::/48,AS53667 IPv6
2a06:de05:63ac::/48,AS53667 IPv6
104.244.75.0/24,AS53667 IPv4
2605:640f:18fc::/48,AS53667 IPv6
2a06:de05:61b9::/48,AS53667 IPv6
2a06:de05:63ca::/48,AS53667 IPv6
2a14:7581:d102::/48,AS53667 IPv6
2a06:de05:6088::/48,AS53667 IPv6
2a06:de05:60b2::/48,AS53667 IPv6
107.189.2.0/24,AS53667 IPv4
2a06:de05:600e::/48,AS53667 IPv6
2a06:de05:6073::/48,AS53667 IPv6
2a06:de05:6198::/48,AS53667 IPv6
2a06:de05:63ad::/48,AS53667 IPv6
2a06:de05:6229::/48,AS53667 IPv6
2a06:de05:6295::/48,AS53667 IPv6
2a06:de05:606c::/48,AS53667 IPv6
2a06:de05:6118::/48,AS53667 IPv6
45.61.188.0/24,AS53667 IPv4
2a06:de05:60b9::/48,AS53667 IPv6
2a06:de05:6335::/48,AS53667 IPv6
2a06:de05:6132::/48,AS53667 IPv6
2a06:de05:6108::/48,AS53667 IPv6
2605:6400:9003::/48,AS53667 IPv6
2a06:de05:63de::/48,AS53667 IPv6
2a06:de05:6250::/48,AS53667 IPv6
2a0f:3044::/32,AS53667 IPv6
2a14:7581:d101::/48,AS53667 IPv6
45.59.114.0/24,AS53667 IPv4
2a06:de05:633c::/48,AS53667 IPv6
107.189.0.0/21,AS53667 IPv4
2a06:de05:60f7::/48,AS53667 IPv6
198.251.87.0/24,AS53667 IPv4
2a06:de05:6265::/48,AS53667 IPv6
209.141.39.0/24,AS53667 IPv4
2a06:de05:600b::/48,AS53667 IPv6
198.251.83.0/24,AS53667 IPv4
2605:6400:3::/48,AS53667 IPv6
2a06:de05:6300::/48,AS53667 IPv6
2a06:de05:60b1::/48,AS53667 IPv6
2a06:de05:6343::/48,AS53667 IPv6
107.189.30.0/23,AS53667 IPv4
2a06:de05:63b2::/48,AS53667 IPv6
2a06:de05:605c::/48,AS53667 IPv6
2a06:de05:62b2::/48,AS53667 IPv6
2a06:de05:60fd::/48,AS53667 IPv6
2a06:de05:6032::/48,AS53667 IPv6
2a06:de05:60fe::/48,AS53667 IPv6
2a06:de05:632b::/48,AS53667 IPv6
2a09:7500::/29,AS53667 IPv6
2a06:de05:625f::/48,AS53667 IPv6
2a06:de05:62ac::/48,AS53667 IPv6
2a06:de05:6049::/48,AS53667 IPv6
198.251.84.0/24,AS53667 IPv4
2a06:de05:633f::/48,AS53667 IPv6
104.244.74.0/24,AS53667 IPv4
2a06:de05:62c4::/48,AS53667 IPv6
2a06:de05:6398::/48,AS53667 IPv6
2a06:de05:6053::/48,AS53667 IPv6
2a06:de05:6192::/48,AS53667 IPv6
2a06:de05:625c::/48,AS53667 IPv6
2a06:de05:62cb::/48,AS53667 IPv6
107.189.14.0/24,AS53667 IPv4
2605:6400:10::/48,AS53667 IPv6
2a06:de05:6168::/48,AS53667 IPv6
2a06:de05:6034::/48,AS53667 IPv6
2a06:de05:61f2::/48,AS53667 IPv6
2a06:de05:629a::/48,AS53667 IPv6
2a06:de05:608b::/48,AS53667 IPv6
2a06:de05:60c0::/48,AS53667 IPv6
2a06:de05:63e7::/48,AS53667 IPv6
